Row Labels,Sum of Sales
Canon imageCLASS 2200 Advanced Copier,61599.824
Fellowes PB500 Electric Punch Plastic Comb Binding Machine with Manual Bind,27453.384
Cisco TelePresence System EX90 Videoconferencing Unit,22638.48
HON 5400 Series Task Chairs for Big and Tall,21870.576
GBC DocuBind TL300 Electric Binding System,19823.479
GBC Ibimaster 500 Manual ProClick Binding System,19024.5
Hewlett Packard LaserJet 3310 Copier,18839.686
"HP Designjet T520 Inkjet Large Format Printer - 24"" Color",18374.895
GBC DocuBind P400 Electric Binding System,17965.068
High Speed Automatic Electric Letter Opener,17030.312
Lexmark MX611dhe Monochrome Laser Printer,16829.901
Martin Yale Chadless Opener Electric Letter Opener,16656.2
Ibico EPK-21 Electric Binding System,15875.916
"Riverside Palais Royal Lawyers Bookcase, Royale Cherry Finish",15610.9656
"3D Systems Cube Printer, 2nd Generation, Magenta",14299.89
Samsung Galaxy Mega 6.3,13943.668
Apple iPhone 5,12996.6
Bretford Rectangular Conference Table Tops,12995.2915
Global Troy Executive Leather Low-Back Tilter,12975.382
Canon PC1060 Personal Laser Copier,11619.834
SAFCO Arco Folding Chair,11572.78
Honeywell Enviracaire Portable HEPA Air Cleaner for 17' x 22' Room,11304.44
Cubify CubeX 3D Printer Double Head Print,11099.963
DMI Eclipse Executive Suite Bookcases,11046.609
Tennsco 6- and 18-Compartment Lockers,10925.004
Plantronics CS510 - Over-the-Head monaural Wireless Headset System,10822.36
"Hon Deluxe Fabric Upholstered Stacking Chairs, Rounded Back",10637.528
Logitech P710e Mobile Speakerphone,10196.604
Chromcraft Bull-Nose Wood Oval Conference Tables & Bases,9917.64
Tennsco Double-Tier Lockers,9630.856
Bush Advantage Collection Racetrack Conference Table,9544.725
Plantronics Savi W720 Multi-Device Wireless Headset System,9367.29
Bady BDG101FRU Card Printer,9279.884
Tennsco Single-Tier Lockers,9158.296
GuestStacker Chair with Chrome Finish Legs,9070.944
Canon Imageclass D680 Copier / Fax,8959.872
Hewlett Packard 610 Color Digital Copier / Printer,8899.822
Wilson Electronics DB Pro Signal Booster,8878.4
Office Star - Professional Matrix Back Chair with 2-to-1 Synchro Tilt and Mesh Fabric Seat,8774.5
Global Deluxe High-Back Manager's Chair,8665.194
Hon 4070 Series Pagoda Armless Upholstered Stacking Chairs,8430.997
Chromcraft Round Conference Tables,8209.059
"Hot File 7-Pocket, Floor Stand",8138.232
Fellowes PB300 Plastic Comb Binding Machine,8070.192
Cubify CubeX 3D Printer Triple Head Print,7999.98
Ibico Ibimaster 300 Manual Binding System,7985.383
Global Commerce Series High-Back Swivel/Tilt Chairs,7979.44
Okidata MB760 Printer,7834.4
Adjustable Depth Letter/Legal Cart,7730.196
Ativa V4110MDD Micro-Cut Shredder,7699.89
Mitel MiVoice 5330e IP Phone,7699.72
Hon 4700 Series Mobuis Mid-Back Task Chairs with Adjustable Arms,7582.374
"Atlantic Metals Mobile 3-Shelf Bookcases, Custom Colors",7539.7122
Tennsco 16-Compartment Lockers with Coat Rack,7515.524
Hon 94000 Series Round Tables,7404.5
Logitech diNovo Edge Keyboard,7399.704
Bretford CR4500 Series Slim Rectangular Table,7242.768
Samsung Galaxy S III - 16GB - pebble blue (T-Mobile),7139.796
Zebra ZM400 Thermal Label Printer,6965.7
"Bevis Oval Conference Table, Walnut",6942.068
Hon GuestStacker Chair,6936.102
Hoover Upright Vacuum With Dirt Cup,6832.908
"Tennsco Snap-Together Open Shelving Units, Starter Sets and Add-On Units",6819.312
GBC DocuBind 300 Electric Binding Machine,6785.142
Bretford CR8500 Series Meeting Room Furniture,6776.562
Cisco Unified IP Phone 7945G VoIP phone,6751.602
Hon Every-Day Series Multi-Task Chairs,6748.482
ClearOne CHATAttach 160 - speaker phone,6695.892
Standard Rollaway File with Lock,6594.954
Hon Multipurpose Stacking Arm Chairs,6584.64
"Dual Level, Single-Width Filing Carts",6574.544
Balt Solid Wood Round Tables,6518.754
Hon Pagoda Stacking Chairs,6483.796
"Global Leather and Oak Executive Chair, Black",6410.874
Sharp AL-1530CS Digital Copier,6399.872
Polycom VVX 310 VoIP phone,6227.654
Samsung Galaxy S4,6134.702
Samsung Galaxy S4 Mini,6109.87
Global Comet Stacking Arm Chair,6084.144
Global Ergonomic Managers Chair,6008.536
Canon PC1080F Personal Copier,5999.9
"Global Leather Highback Executive Chair with Pneumatic Height Adjustment, Black",5989.204
Hon 5100 Series Wood Tables,5965.09
"Sanyo Counter Height Refrigerator with Crisper, 3.6 Cubic Foot, Stainless Steel/Black",5906.52
Hon 4070 Series Pagoda Round Back Stacking Chairs,5906.032
Global Leather Executive Chair,5861.533
"Office Impressions End Table, 20-1/2""H x 24""W x 20""D",5801.816
Zebra GX420t Direct Thermal/Thermal Transfer Printer,5787.355
Iceberg Mobile Mega Data/Printer Cart ,5751.774
Safco Contoured Stacking Chairs,5697.76
Canon PC940 Copier,5669.874
Bretford “Just In Time” Height-Adjustable Multi-Task Work Tables,5634.9
Logitech Z-906 Speaker sys - home theater - 5.1-CH,5609.83
Deluxe Rollaway Locking File with Drawer,5572.792
"Atlantic Metals Mobile 5-Shelf Bookcases, Custom Colors",5492.885
"Global High-Back Leather Tilter, Burgundy",5436.158
Hon Olson Stacker Chairs,5427.99
Ibico Hi-Tech Manual Binding System,5398.323
Wilson SignalBoost 841262 DB PRO Amplifier Kit,5327.26
Hon Olson Stacker Stools,5294.456
GE 30524EE4,5291.73
Hon 2090 “Pillow Soft” Series Mid Back Swivel/Tilt Chairs,5282.424
"Lifetime Advantage Folding Chairs, 4/Carton",5212.112
"Atlantic Metals Mobile 4-Shelf Bookcases, Custom Colors",5184.081
Razer Tiamat Over Ear 7.1 Surround Sound PC Gaming Headset,5119.744
"Chromcraft 48"" x 96"" Racetrack Double Pedestal Table",5098.176
Hoover Shoulder Vac Commercial Portable Vacuum,5009.48
Panasonic KX-TG9471B,4978.146
Chromcraft Rectangular Conference Tables,4952.673
Apple iPhone 5S,4901.914
O'Sullivan 2-Door Barrister Bookcase in Odessa Pine,4886.46
Brother DCP1000 Digital 3 in 1 Multifunction Machine,4859.838
Fellowes Staxonsteel Drawer Files,4829.25
Smead Adjustable Mobile File Trolley with Lockable Top,4778.766
High-Back Leather Manager's Chair,4770.633
SAFCO Boltless Steel Shelving,4704.696
Global Executive Mid-Back Manager's Chair,4626.582
DMI Arturo Collection Mission-style Design Wood Chair,4619.988
Polycom CX600 IP Phone VoIP phone,4619.23
Letter Size Cart,4600.092
KI Adjustable-Height Table,4552.641
"Bevis Round Bullnose 29"" High Table Top",4544.925
Fellowes Officeware Wire Shelving,4509.466
Samsung Galaxy Note 2,4507.902
"Fellowes Strictly Business Drawer File, Letter/Legal Size",4479.03
Sanyo 2.5 Cubic Foot Mid-Size Office Refrigerators,4476.96
"Riverside Furniture Oval Coffee Table, Oval End Table, End Table with Drawer",4446.175
Nortel Meridian M3904 Professional Digital phone,4434.912
Global Commerce Series Low-Back Swivel/Tilt Chairs,4420.056
Sharp 1540cs Digital Laser Copier,4399.92
Logitech G19 Programmable Gaming Keyboard,4389.246
"Tennsco Stur-D-Stor Boltless Shelving, 5 Shelves, 24"" Deep, Sand",4384.044
"Hon Practical Foundations 30 x 60 Training Table, Light Gray/Charcoal",4334.8275
Bevis 36 x 72 Conference Tables,4332.252
GBC DocuBind TL200 Manual Binding Machine,4322.814
"Chromcraft Bull-Nose Wood 48"" x 96"" Rectangular Conference Tables",4297.644
Cisco 9971 IP Video Phone Charcoal,4268
Motorola L703CM,4211.73
GBC DocuBind 200 Manual Binding Machine,4209.8
Hewlett Packard 310 Color Digital Copier,4199.86
"SAFCO Commercial Wire Shelving, Black",4199.456
Office Star - Mid Back Dual function Ergonomic High Back Chair with 2-Way Adjustable Arms,4185.48
Fellowes PB200 Plastic Comb Binding Machine,4181.754
Cisco SPA301,4180.532
"Global Wood Trimmed Manager's Task Chair, Khaki",4166.884
Canon PC-428 Personal Copier,4119.794
Wireless Extenders zBoost YX545 SOHO Signal Booster,4044.386
Fellowes Super Stor/Drawer Files,4006.44
Samsung Galaxy S4 Active,3999.92
WD My Passport Ultra 2TB Portable External Hard Drive,3998.4
Canon imageCLASS MF7460 Monochrome Digital Laser Multifunction Copier,3991.98
Office Star - Contemporary Swivel Chair with Padded Adjustable Arms and Flex Back,3989.734
Polycom SoundStation2 EX Conference phone,3968.51
Hon Racetrack Conference Tables,3963.901
Canon Image Class D660 Copier,3959.934
"Global Airflow Leather Mesh Back Chair, Black",3955.676
Fellowes High-Stak Drawer Files,3946.656
Luxo Professional Fluorescent Magnifier Lamp with Clamp-Mount Base,3861.056
Honeywell Enviracaire Portable HEPA Air Cleaner for 16' x 20' Room,3855.18
Polycom SoundPoint IP 450 VoIP phone,3839.62
Google Nexus 5,3815.788
Hon Non-Folding Utility Tables,3775.647
Logitech VX Revolution Cordless Laser Mouse for Notebooks (Black),3743.792
"SAFCO PlanMaster Heigh-Adjustable Drafting Table Base, 43w x 30d x 30-37h, Black",3739.115
Aastra 57i VoIP phone,3684.708
"Office Star - Contemporary Task Swivel chair with Loop Arms, Charcoal",3680.538
Polycom VoiceStation 500 Conference phone,3657.38
"Situations Contoured Folding Chairs, 4/Set",3641.274
"Bush Heritage Pine Collection 5-Shelf Bookcase, Albany Pine Finish, *Special Order",3626.0056
Toshiba IPT2010-SD IP Telephone,3613.74
"Bush Cubix Conference Tables, Fully Assembled",3603.288
Pyle PMP37LED,3590.026
Global Adaptabilities Conference Tables,3540.348
"24 Capacity Maxi Data Binder Racks, Pearl",3537.24
Global Comet Stacking Armless Chair,3528.79
Avanti 4.4 Cu. Ft. Refrigerator,3511.012
Hon Rectangular Conference Tables,3481.515
"Iceberg OfficeWorks 42"" Round Tables",3457.442
"Global Adaptabilites Bookcase, Cherry/Storm Gray Finish",3447.84
O'Sullivan Living Dimensions 5-Shelf Bookcases,3420.7704
Geemarc AmpliPOWER60,3415.04
Hewlett-Packard Desktjet 6988DT Refurbished Printer,3404.5
Bush Advantage Collection Round Conference Table,3401.6
Fellowes Stor/Drawer Steel Plus Storage Drawers,3397.308
"Chromcraft Bull-Nose Wood Round Conference Table Top, Wood Base",3354.89
"Dot Matrix Printer Tape Reel Labels, White, 5000/Box",3322.878
"Bush Andora Bookcase, Maple/Graphite Gray Finish",3317.7235
Tenex Antistatic Computer Chair Mats,3317.012
Bevis 44 x 96 Conference Tables,3253.22
Ibico EB-19 Dual Function Manual Binding System,3234.913
GBC ProClick 150 Presentation Binding System,3222.996
Okidata C331dn Printer,3210.8
Office Impressions Heavy Duty Welded Shelving & Multimedia Storage Drawers,3178.13
Jabra SPEAK 410,3158.064
"Global Fabric Manager's Chair, Dark Gray",3150.576
Hon 2111 Invitation Series Corner Table,3140.55
Economy Rollaway Files,3138.8
BlackBerry Q10,3099.354
Panasonic KX-TG9541B DECT 6.0 Digital 2-Line Expandable Cordless Phone With Digital Answering System,3059.796
Hoover WindTunnel Plus Canister Vacuum,3051.3
Digium D40 VoIP phone,3044.164
Hewlett-Packard Deskjet 3050a All-in-One Color Inkjet Printer,3040
"Acco 7-Outlet Masterpiece Power Center, Wihtout Fax/Phone Line Protection",3039.5
Space Solutions HD Industrial Steel Shelving.,3035.208
Carina Double Wide Media Storage Towers in Natural & Black,3028.652
Compact Automatic Electric Letter Opener,2982.75
"SAFCO PlanMaster Boards, 60w x 37-1/2d, White Melamine",2979.004
O'Sullivan Living Dimensions 2-Shelf Bookcases,2970.059
"Global Manager's Adjustable Task Chair, Storm",2959.208
GBC DocuBind P100 Manual Binding Machine,2954.444
O'Sullivan Plantations 2-Door Library in Landvery Oak,2946.3668
3.6 Cubic Foot Counter Height Office Refrigerator,2946.2
Aastra 6757i CT Wireless VoIP phone,2929.984
Novimex Swivel Fabric Task Chair,2913.914
ShoreTel ShorePhone IP 230 VoIP phone,2906.628
O'Sullivan Living Dimensions 3-Shelf Bookcases,2904.161
Kensington 7 Outlet MasterPiece Power Center,2883.276
Logitech Wireless Gaming Headset G930,2879.82
Bose SoundLink Bluetooth Speaker,2865.6
"Electrix Architect's Clamp-On Swing Arm Lamp, Black",2863.8
"Lesro Round Back Collection Coffee Table, End Table",2847.78
Okidata MB491 Multifunction Printer,2844.3
Premier Automatic Letter Opener,2836.366
Logitech Wireless Headset h800,2799.72
Xerox 1915,2789.01
Electrix Halogen Magnifier Lamp,2759.06
Maxell iVDR EX 500GB Cartridge,2755.4
VTech DS6151,2746.582
Nortel Meridian M5316 Digital phone,2744.87
O'Sullivan 4-Shelf Bookcase in Odessa Pine,2740.197
"Carina Mini System Audio Rack, Model AR050B",2730.108
"1.7 Cubic Foot Compact ""Cube"" Office Refrigerators",2706.08
Hon Mobius Operator's Chair,2705.78
"GE 48"" Fluorescent Tube, Cool White Energy Saver, 34 Watts, 30/Box",2699.056
"Bevis Round Conference Table Top, X-Base",2671.421
Imation Bio 8GB USB Flash Drive Imation Corp,2659.84
Global Highback Leather Tilter in Burgundy,2647.809
Cisco 8x8 Inc. 6753i IP Business Phone System,2645.804
Premier Electric Letter Opener,2641.608
Vtech CS6719,2630.126
NETGEAR AC1750 Dual Band Gigabit Smart WiFi Router,2623.836
Razer Kraken 7.1 Surround Sound Over Ear USB Gaming Headset,2619.738
Fellowes Bankers Box Staxonsteel Drawer File/Stacking System,2612.196
Motorola Droid Maxx,2609.826
Hon Deluxe Fabric Upholstered Stacking Chairs,2586.188
"Stur-D-Stor Shelving, Vertical 5-Shelf: 72""H x 36""W x 18 1/2""D",2552.54
Bevis Boat-Shaped Conference Table,2542.467
Fellowes Powershred HS-440 4-Sheet High Security Shredder,2541.836
Xerox WorkCentre 6505DN Laser Multifunction Printer,2519.958
Safco Industrial Wire Shelving System,2511.048
Plantronics Calisto P620-M USB Wireless Speakerphone System,2508.672
Easy-staple paper,2504.192
Kensington 7 Outlet MasterPiece HOMEOFFICE Power Control Center,2491.28
Kensington 4 Outlet MasterPiece Compact Power Control Center,2488.392
"Rush Hierlooms Collection 1"" Thick Stackable Bookcases",2487.759
Sensible Storage WireTech Storage Systems,2484.3
Wi-Ex zBoost YX540 Cellular Phone Signal Booster,2481.15
Enermax Acrylux Wireless Keyboard,2450.16
Panasonic KX MB2061 Multifunction Printer,2396.4
Global Super Steno Chair,2389.902
Harbour Creations Steel Folding Chair,2389.125
Logitech Gaming G510s - Keyboard,2362.722
Swingline SM12-08 MicroCut Jam Free Shredder,2359.941
"3D Systems Cube Printer, 2nd Generation, White",2339.982
Logitech G700s Rechargeable Gaming Mouse,2339.766
StarTech.com 10/100 VDSL2 Ethernet Extender Kit,2330.65
"Fellowes Mobile File Cart, Black",2300.66
"Gould Plastics 18-Pocket Panel Bin, 34w x 5-1/4d x 20-1/2h",2299.75
"Lesro Sheffield Collection Coffee Table, End Table, Center Table, Corner Table",2298.114
Bevis Round Conference Table Top & Single Column Base,2297.538
Xiaomi Mi3,2279.96
"Tenex 46"" x 60"" Computer Anti-Static Chairmat, Rectangular Shaped",2267.972
GBC DocuBind P50 Personal Binding Machine,2264.892
Cisco IP Phone 7961G-GE VoIP phone,2252.432
Plantronics S12 Corded Telephone Headset System,2242.032
BPI Conference Tables,2241.8675
Plantronics HL10 Handset Lifter,2227.008
Konftel 250 Conference phone - Charcoal black,2221.596
Avanti 1.7 Cu. Ft. Refrigerator,2221.56
Office Star - Ergonomic Mid Back Chair with 2-Way Adjustable Arms,2207.956
"Global Value Steno Chair, Gray",2204.862
Office Star - Mesh Screen back chair with Vinyl seat,2200.464
"3M Polarizing Task Lamp with Clamp Arm, Light Gray",2191.68
"Global Push Button Manager's Chair, Indigo",2185.951
Jabra Supreme Plus Driver Edition Headset,2159.82
Razer Kraken PRO Over Ear PC and Music Headset,2159.73
Logitech G35 7.1-Channel Surround Sound Headset,2157.834
Samsung Galaxy Note 3,2155.902
Sauder Inglewood Library Bookcases,2154.348
KI Conference Tables,2140.878
Mitel 5320 IP Phone VoIP phone,2116.688
Imation Bio 2GB USB Flash Drive Imation Corp,2098.88
Laminate Occasional Tables,2096.168
"Rubbermaid ClusterMat Chairmats, Mat Size- 66"" x 60"", Lip 20"" x 11"" -90 Degree Angle",2064.228
Cisco SPA 502G IP Phone,2063.14
"Tenex Chairmat w/ Average Lip, 45"" x 53""",2058.496
HTC One Mini,2041.038
Hon 2111 Invitation Series Straight Table,2040.054
"Bevis Traditional Conference Table Top, Plinth Base",2033.496
Global Enterprise Series Seating High-Back Swivel/Tilt Chairs,2032.35
Jawbone MINI JAMBOX Wireless Bluetooth Speaker,2027.304
Jawbone JAMBOX Wireless Bluetooth Speaker,2022.272
Jabra SPEAK 410 Multidevice Speakerphone,2018.702
Ooma Telo VoIP Home Phone System,2015.84
Okidata C610n Printer,2011.9
Logitech G602 Wireless Gaming Mouse,1999.75
Adtran 1202752G1,1990.642
"Ativa D5772 2-Line 5.8GHz Digital Expandable Corded/Cordless Phone System with Answering & Caller ID/Call Waiting, Black/Silver",1979.88
"Global Value Mid-Back Manager's Chair, Gray",1978.925
Space Solutions Commercial Steel Shelving,1952.43
Office Star Flex Back Scooter Chair with Aluminum Finish Frame,1947.177
Harmony Air Purifier,1946.7
AT&T 1080 Corded phone,1945.258
AT&T CL83451 4-Handset Telephone,1936.306
Imation Secure+ Hardware Encrypted USB 2.0 Flash Drive; 16GB,1926.936
Logitech Mobile Speakerphone P710e - speaker phone,1916.716
Plantronics Audio 995 Wireless Stereo Headset,1913.13
"O'Sullivan Elevations Bookcase, Cherry Finish",1912.308
"Sauder Camden County Collection Libraries, Planked Cherry Finish",1909.8178
Polycom SoundPoint Pro SE-225 Corded phone,1903.84
Bestar Classic Bookcase,1897.8102
Novimex Fabric Task Chair,1890.38
NETGEAR N750 Dual Band Wi-Fi Gigabit Router,1890
Multicolor Computer Printout Paper,1887.3
Nortel Networks T7316 E Nt8 B27,1876.524
"Sauder Forest Hills Library, Woodland Oak Finish",1875.034
"Recycled Data-Pak for Archival Bound Computer Printouts, 12-1/2 x 12-1/2 x 16",1857.252
Office Star - Contemporary Task Swivel Chair,1842.268
"Padded Folding Chairs, Black, 4/Carton",1830.148
LG G3,1803.108
Logitech Wireless Performance Mouse MX for PC and Mac,1799.82
Xerox 189,1782.45
Belkin 5 Outlet SurgeMaster Power Centers,1776.048
Office Star Flex Back Scooter Chair with White Frame,1775.68
Bevis Steel Folding Chairs,1775.075
GE 2-Jack Phone Line Splitter,1771.514
Global Deluxe Steno Chair,1770.54
Tennsco Regal Shelving Units,1764.534
Honeywell Quietcare HEPA Air Cleaner,1761.76
"Global Geo Office Task Chair, Gray",1757.266
Global Low Back Tilter Chair,1746.954
Xerox 1941,1740.51
AT&T TR1909W,1738.662
Jabra BIZ 2300 Duo QD Duo Corded Headset,1727.064
First Data FD10 PIN Pad,1722.2
Xerox 1908,1712.988
"Sauder Facets Collection Locker/File Cabinet, Sky Alder Finish",1706.508
BoxOffice By Design Rectangular and Half-Moon Meeting Room Tables,1706.25
Kensington Orbit Wireless Mobile Trackball for PC and Mac,1703.716
Xerox 1945,1696.986
Kensington Expert Mouse Optical USB Trackball for PC or Mac,1690.822
"Global Leather & Oak Executive Chair, Burgundy",1689.968
Hon Comfortask Task/Swivel Chairs,1686.904
Staple envelope,1686.812
Deflect-o DuraMat Antistatic Studded Beveled Mat for Medium Pile Carpeting,1685.44
ClearOne Communications CHAT 70 OC Speaker Phone,1685.294
Polycom CX300 Desktop Phone USB VoIP phone,1679.888
"Eureka The Boss Plus 12-Amp Hard Box Upright Vacuum, Red",1674.4
Panasonic KX TS3282W Corded phone,1665.804
O'Sullivan Manor Hill 2-Door Library in Brianna Oak,1646.918
Enermax Aurora Lite Keyboard,1641.15
"Howard Miller 14-1/2"" Diameter Chrome Round Wall Clock",1636.864
"Carina 42""Hx23 3/4""W Media Storage Unit",1635.796
Motorola Moto X,1631.952
"Deflect-o RollaMat Studded, Beveled Mat for Medium Pile Carpeting",1623.248
Panasonic KX MC6040 Color Laser Multifunction Printer,1619.82
Plantronics Audio 478 Stereo USB Headset,1619.676
"Hunt PowerHouse Electric Pencil Sharpener, Blue",1617.948
Logitech G600 MMO Gaming Mouse,1615.798
AT&T 841000 Phone,1614.6
"Iceberg Nesting Folding Chair, 19w x 6d x 43h",1589.406
AT&T 1080 Phone,1589.084
Mophie Juice Pack Helium for iPhone,1583.802
Deflect-o Glass Clear Studded Chair Mats,1579.372
Microsoft Sculpt Comfort Mouse,1574.03
GBC ProClick Punch Binding System,1573.908
"Hon Metal Bookcases, Black",1570.0776
Xerox 1919,1565.818
Cameo Buff Policy Envelopes,1555.75
Luxo Adjustable Task Clamp Lamp,1545.816
Avaya 5420 Digital phone,1538.886
Eureka Sanitaire  Commercial Upright,1524.532
Harbour Creations 67200 Series Stacking Chairs,1501.898
LG G2,1499.97
Microsoft Natural Keyboard Elite,1497
Sony Micro Vault Click 16 GB USB 2.0 Flash Drive,1489.334
Hon 4-Shelf Metal Bookcases,1474.308
"Bush Westfield Collection Bookcases, Fully Assembled",1473.2982
Kensington 7 Outlet MasterPiece Power Center with Fax/Phone Line Protection,1473.108
"Tenex ""The Solids"" Textured Chair Mats",1469.16
"Plantronics CS 50-USB - headset - Convertible, Monaural",1468.692
"Mini 13-1/2 Capacity Data Binder Rack, Pearl",1465.744
"Global Leather Task Chair, Black",1448.839
"SAFCO Commercial Wire Shelving, 72h",1445.264
Nokia Lumia 1020,1439.968
"Leather Task Chair, Black",1437.484
"Bush Andora Conference Table, Maple/Graphite Gray Finish",1436.232
Xerox 1893,1434.65
Eldon Antistatic Chair Mats for Low to Medium Pile Carpets,1431.944
"Sauder Facets Collection Library, Sky Alder Finish",1427.683
"Bush Westfield Collection Bookcases, Medium Cherry Finish",1426.8878
Fellowes Bankers Box Stor/Drawer Steel Plus,1426.308
Global Deluxe Office Fabric Chairs,1420.504
Logitech Wireless Marathon Mouse M705,1409.718
Logitech 910-002974 M325 Wireless Mouse for Web Scrolling,1409.53
"Belkin 19"" Vented Equipment Shelf, Black",1400.256
Logitech G500s Laser Gaming Mouse with Adjustable Weight Tuning,1399.8
"Global Armless Task Chair, Royal Blue",1396.442
Hewlett-Packard Deskjet 6540 Color Inkjet Printer,1396.21
Avaya IP Phone 1140E VoIP phone,1394.95
Cisco CP-7937G Unified IP Conference Station Phone,1391.4
Cisco IP Phone 7961G VoIP phone - Dark gray,1386.69
Samsung Rugby III,1385.79
"Holmes Replacement Filter for HEPA Air Cleaner, Very Large Room, HEPA Filter",1383.081
Cisco SPA525G2 5-Line IP Phone,1379.92
"Belkin 325VA UPS Surge Protector, 6'",1379.172
Sauder Camden County Collection Library,1368.262
Safco Industrial Wire Shelving,1363.058
Ames Color-File Green Diamond Border X-ray Mailers,1360.476
Airmail Envelopes,1359.666
Plantronics Voyager Pro Legend,1359.534
DYMO CardScan Personal V9 Business Card Scanner,1343.916
Novimex Turbo Task Chair,1341.522
Apple iPhone 5C,1339.866
AT&T 17929 Lendline Telephone,1339.104
Luxo Professional Combination Clamp-On Lamps,1329.9
"Howard Miller 13-3/4"" Diameter Brushed Chrome Round Wall Clock",1324.8
"Tenex Traditional Chairmats for Medium Pile Carpet, Standard Lip, 36"" x 48""",1322.17
Xerox 1891,1320.57
"Hon Metal Bookcases, Putty",1320.228
Honeywell Enviracaire Portable HEPA Air Cleaner for up to 10 x 16 Room,1320.166
Avery Arch Ring Binders,1318.87
Office Star - Ergonomically Designed Knee Chair,1311.876
Nokia Lumia 925,1310.296
Eldon Cleatmat Plus Chair Mats for High Pile Carpets,1304.128
"Hon 30"" x 60"" Table with Locking Drawer",1296.028
GBC Recycled Regency Composition Covers,1291.248
Fellowes Recycled Storage Drawers,1287.948
Star Micronics TSP800 TSP847IIU Receipt Printer,1286.85
Panasonic KX TS208W Corded phone,1283.538
Tennsco Industrial Shelving,1281.442
White Computer Printout Paper by Universal,1279.08
Luxo Professional Magnifying Clamp-On Fluorescent Lamps,1268.922
"Hon Deluxe Fabric Upholstered Stacking Chairs, Squared Back",1268.696
Tyvek Side-Opening Peel & Seel Expanding Envelopes,1266.72
Bush Somerset Collection Bookcase,1263.957
Panasonic KX T7736-B Digital phone,1259.58
Logitech G430 Surround Sound Gaming Headset with Dolby 7.1 Technology,1247.844
Tripp Lite Isotel 6 Outlet Surge Protector with Fax/Modem Protection,1243.788
Hon Valutask Swivel Chairs,1242.054
"SAFCO Mobile Desk Side File, Wire Frame",1240.04
"Avery 4027 File Folder Labels for Dot Matrix Printers, 5000 Labels per Box, White",1233.412
Maxell 4.7GB DVD-R,1231.692
Xerox 1888,1231.656
Hon 4060 Series Tables,1231.56
Blue Parrot B250XT Professional Grade Wireless Bluetooth Headset with,1229.836
Case Logic 2.4GHz Wireless Keyboard,1229.754
Xerox 1917,1222.75
Plantronics Voyager Pro HD - Bluetooth Headset,1221.812
Satellite Sectional Post Binders,1219.821
"Wilson Jones Ledger-Size, Piano-Hinge Binder, 2"", Blue",1217.106
Epson TM-T88V Direct Thermal Printer - Monochrome - Desktop,1212.705
APC 7 Outlet Network SurgeArrest Surge Protector,1207.2
Eldon ClusterMat Chair Mat with Cordless Antistatic Protection,1200.936
"Trav-L-File Heavy-Duty Shuttle II, Black",1193.818
Fellowes Bankers Box Recycled Super Stor/Drawer,1187.56
"Howard Miller 11-1/2"" Diameter Ridgewood Wall Clock",1184.232
SanDisk Cruzer 64 GB USB Flash Drive,1184.032
GBC Therma-A-Bind 250T Electric Binding System,1180.704
Boston Heavy-Duty Trimline Electric Pencil Sharpeners,1166.44
GE 30522EE2,1159.9
Logitech K350 2.4Ghz Wireless Keyboard,1154.664
LG Exalt,1154.326
Logitech Illuminated - Keyboard,1139.81
Panasonic KX-TG6844B Expandable Digital Cordless Telephone,1135.028
"File Shuttle II and Handi-File, Black",1125.148
HTC One,1119.888
ClearSounds CSC500 Amplified Spirit Phone Corded phone,1119.84
O'Sullivan 3-Shelf Heavy-Duty Bookcases,1119.195
Advantus Rolling Drawer Organizers,1115.92
"Deflect-o EconoMat Studded, No Bevel Mat for Low Pile Carpeting",1115.64
Dana Halogen Swing-Arm Architect Lamp,1114.384
"Hunt BOSTON Model 1606 High-Volume Electric Pencil Sharpener, Beige",1113.024
netTALK DUO VoIP Telephone Service,1112.788
Hypercom P1300 Pinpad,1108.8
Xerox 1988,1102.888
Ibico Plastic Spiral Binding Combs,1100.48
Ibico Laser Imprintable Binding System Covers,1100.4
Xerox 1906,1098.64
"Eaton Premium Continuous-Feed Paper, 25% Cotton, Letter Size, White, 1000 Shts/Box",1098.504
Xerox 1934,1097.208
Catalog Binders with Expanding Posts,1089.936
"Barricks 18"" x 48"" Non-Folding Utility Table with Bottom Storage Shelf",1088.64
Global Deluxe High-Back Office Chair in Storm,1087.92
Maxell LTO Ultrium - 800 GB,1086.012
RCA Visys Integrated PBX 8-Line Router,1085.238
GBC Prestige Therm-A-Bind Covers,1073.903
Belkin 8 Outlet Surge Protector,1073.676
Carina Media Storage Towers in Natural & Black,1073.248
Boston 1645 Deluxe Heavier-Duty Electric Pencil Sharpener,1073.112
Recycled Steel Personal File for Standard File Folders,1072.626
O'Sullivan Cherrywood Estates Traditional Barrister Bookcase,1072.344
AT&T 1070 Corded Phone,1070.304
"Sauder Camden County Barrister Bookcase, Planked Cherry Finish",1064.624
Recycled Steel Personal File for Hanging File Folders,1053.032
"Advantus 10-Drawer Portable Organizer, Chrome Metal Frame, Smoke Drawers",1051.776
"Howard Miller 13"" Diameter Pewter Finish Round Wall Clock",1047.736
"Eureka The Boss Lite 10-Amp Upright Vacuum, Blue",1042.08
"Howard Miller 13"" Diameter Goldtone Round Wall Clock",1042.068
GBC Twin Loop Wire Binding Elements,1041.664
Balt Split Level Computer Training Table,1040.625
Logitech G13 Programmable Gameboard with LCD Display,1039.87
Star Micronics TSP100 TSP143LAN Receipt Printer,1035.8
Okidata B400 Printer,1029.6
Hoover Commercial Lightweight Upright Vacuum with E-Z Empty Dirt Cup,1023.352
"Snap-A-Way Black Print Carbonless Ruled Speed Letter, Triplicate",1016.792
"Sauder Forest Hills Library with Doors, Woodland Oak Finish",1014.174
"Tenex Contemporary Contur Chairmats for Low and Medium Pile Carpet, Computer, 39"" x 49""",1010.782
"Canon Color ImageCLASS MF8580Cdw Wireless Laser All-In-One Printer, Copier, Scanner",1007.979
WD My Passport Ultra 1TB Portable External Hard Drive,1007.4
Bevis Rectangular Conference Tables,1007.262
Imation 16GB Mini TravelDrive USB 2.0 Flash Drive,1007.152
"Eldon ""L"" Workstation Diamond Chairmat",1002.936
Tenex B1-RE Series Chair Mats for Low Pile Carpets,1002.364
Nortel Business Series Terminal T7208 Digital phone,1000.728
Home/Office Personal File Carts,980.232
Xerox 1909,970.784
Global Italian Leather Office Chair,969.252
Hon Every-Day Chair Series Swivel Task Chairs,967.84
Xerox 1885,960.8
Xerox 1914,956.304
"Gould Plastics 9-Pocket Panel Bin, 18-3/8w x 5-1/4d x 20-1/2h, Black",953.82
Belkin Premiere Surge Master II 8-outlet surge protector,952.168
"Howard Miller 13-1/2"" Diameter Rosebrook Wall Clock",949.026
Eureka The Boss Cordless Rechargeable Stick Vac,948.228
"Tyvek Interoffice Envelopes, 9 1/2"" x 12 1/2"", 100/Box",939.092
Tripp Lite TLP810NET Broadband Surge for Modem/Fax,937.848
Steel Personal Filing/Posting Tote,937.464
"Sauder Mission Library with Doors, Fruitwood Finish",935.1972
"Fellowes Premier Superior Surge Suppressor, 10-Outlet, With Phone and Remote",929.48
SanDisk Ultra 64 GB MicroSDHC Class 10 Memory Card,927.768
Novimex High-Tech Fabric Mesh Task Chair,922.74
Riverside Furniture Stanwyck Manor Table Series,917.92
Ativa MDM8000 8-Sheet Micro-Cut Shredder,917.898
Cisco SPA508G,910.662
"White Dual Perf Computer Printout Paper, 2700 Sheets, 1 Part, Heavyweight, 20 lbs., 14 7/8 x 11",909.978
Plantronics Cordless Phone Headset with In-line Volume - M214C,908.7
LG Electronics Tone+ HBS-730 Bluetooth Headset,904.552
"Global Stack Chair without Arms, Black",901.506
Vinyl Sectional Post Binders,901.03
Sony 64GB Class 10 Micro SDHC R40 Memory Card,899.75
Eldon Portable Mobile Manager,899.304
Imation Secure Drive + Hardware Encrypted USB flash drive - 16 GB,888.966
SanDisk Ultra 32 GB MicroSDHC Class 10 Memory Card,884
Cisco Small Business SPA 502G VoIP phone,882.102
"Safco Chair Connectors, 6/Carton",881.192
Xerox 1883,881.092
Xerox 1960,879.832
"Boston School Pro Electric Pencil Sharpener, 1670",873.636
"Eldon Base for stackable storage shelf, platinum",872.256
Fellowes Superior 10 Outlet Split Surge Protector,867.768
Executive Impressions Supervisor Wall Clock,867.26
Xerox 1913,865.488
Fellowes Bases and Tops For Staxonsteel/High-Stak Systems,858.882
"Safco Value Mate Series Steel Bookcases, Baked Enamel Finish on Steel, Gray",858.858
Green Bar Computer Printout Paper,857.376
"Hon Metal Bookcases, Gray",851.76
"Belkin 19"" Center-Weighted Shelf, Gray",849.312
Panasonic Kx-TS550,846.216
Plantronics 81402,844.672
GBC VeloBinder Manual Binding System,842.166
"Wilson Jones Elliptical Ring 3 1/2"" Capacity Binders, 800 sheets",834.6
Motorola HK250 Universal Bluetooth Headset,832.238
Xerox 1916,831.98
Balt Solid Wood Rectangular Table,828.0965
Safco Industrial Shelving,827.12
"Bush Birmingham Collection Bookcase, Dark Cherry",825.174
Tripp Lite Isotel 8 Ultra 8 Outlet Metal Surge,823.252
"Advantus Employee of the Month Certificate Frame, 11 x 13-1/2",822.738
Global Chrome Stack Chair,815.864
Kensington 6 Outlet MasterPiece HOMEOFFICE Power Control Center,812.16
Grandstream GXP1160 VoIP phone,803.692
"Global Stack Chair with Arms, Black",803.464
"Safco Value Mate Steel Bookcase, Baked Enamel Finish on Steel, Black",802.074
Logitech MX Performance Wireless Mouse,789.822
Howard Miller 12-3/4 Diameter Accuwave DS  Wall Clock,786.9
"Blue String-Tie & Button Interoffice Envelopes, 10 x 13",783.608
GBC Premium Transparent Covers with Diagonal Lined Pattern,780.456
JBL Micro Wireless Portable Bluetooth Speaker,779.87
Logitech Desktop MK120 Mouse and keyboard Combo,778.736
Eldon Radial Chair Mat for Low to Medium Pile Carpets,775.612
Logitech Trackman Marble Mouse,773.742
Belkin F9G930V10-GRY 9 Outlet Surge,770.112
Xerox 191,767.232
"Global Deluxe Stacking Chair, Gray",764.7
"Tenex Carpeted, Granite-Look or Clear Contemporary Contour Shape Chair Mats",763.668
Logitech G105 Gaming Keyboard,759.936
Fellowes 8 Outlet Superior Workstation Surge Protector,759.122
AT&T CL2909,755.94
Xerox 1951,755.912
Staples,755.47
Sauder Barrister Bookcases,754.7336
Premium Transparent Presentation Covers by GBC,753.182
Clarity 53712,752.286
Ibico Recycled Linen-Style Covers,749.952
Bush Mission Pointe Library,748.8608
Innergie mMini Combo Duo USB Travel Charging Kit,746.834
Plantronics Encore H101 Dual Earpieces Headset,746.17
Xerox 1943,743.432
"Logitech B530 USB Headset - headset - Full size, Binaural",739.8
Belkin 8 Outlet SurgeMaster II Gold Surge Protector,737.754
"Bush Cubix Collection Bookcases, Fully Assembled",729.234
RCA ViSYS 25825 Wireless digital phone,727.944
O'Sullivan 2-Shelf Heavy-Duty Bookcases,723.842
Lexmark MarkNet N8150 Wireless Print Server,723.51
Xerox 1964,721.744
Memorex Mini Travel Drive 16 GB USB 2.0 Flash Drive,718.65
Avaya 4621SW VoIP phone,709.92
Eldon Mobile Mega Data Cart  Mega Stackable  Add-On Trays,709.5
WD My Passport Ultra 500GB Portable External Hard Drive,708
SAFCO Folding Chair Trolley,705.32
Panasonic KP-380BK Classic Electric Pencil Sharpener,705.208
Lock-Up Easel 'Spel-Binder',704.691
Zebra GK420t Direct Thermal/Thermal Transfer Printer,703.71
"Deflect-o EconoMat Nonstudded, No Bevel Mat",702.44
iHome FM Clock Radio with Lightning Dock,699.9
"Premium Transparent Presentation Covers, No Pattern/Clear, 8 1/2"" x 11""",698.04
"Office Star - Contemporary Task Swivel chair with 2-way adjustable arms, Plum",694.194
Euro-Pro Shark Turbo Vacuum,693.952
OtterBox Defender Series Case - Samsung Galaxy S4,689.77
Samsung Convoy 3,688.138
"Metal Folding Chairs, Beige, 4/Carton",685.588
Tops White Computer Printout Paper,684.74
Safco Steel Mobile File Cart,683.552
"Howard Miller 11-1/2"" Diameter Brentwood Wall Clock",681.454
Flat Face Poster Frame,678.24
Holmes Harmony HEPA Air Purifier for 17 x 20 Room,675.12
"Deflect-o DuraMat Lighweight, Studded, Beveled Mat for Low Pile Carpeting",673.87
Hunt Boston Vacuum Mount KS Pencil Sharpener,671.808
Tuf-Vin Binders,669.496
Binding Machine Supplies,667.993
Fellowes 8 Outlet Superior Workstation Surge Protector w/o Phone/Fax/Modem Protection,665.676
Fellowes Command Center 5-outlet power strip,664.832
"GBC Velobind Prepunched Cover Sets, Regency Series",661.942
Panasonic KX T7731-B Digital phone,659.934
Surelock Post Binders,653.984
Hon 61000 Series Interactive Training Tables,653.121
Xerox 1886,651.44
"Bush Westfield Collection Bookcases, Dark Cherry Finish",649.376
Belkin 8 Outlet SurgeMaster II Gold Surge Protector with Phone Protection,647.84
Avery 485,639.03
Safco Drafting Table,638.82
"Computer Room Manger, 14""",636.608
"Strathmore #10 Envelopes, Ultimate White",632.52
Belkin 7 Outlet SurgeMaster II,631.68
"TRENDnet 56K USB 2.0 Phone, Internet and Fax Modem",626.538
Avaya 5410 Digital phone,625.508
Xerox 1880,623.744
"BOSTON Ranger #55 Pencil Sharpener, Black",618.562
Plantronics MX500i Earset,618.48
Xerox 1882,615.78
Xerox 1940,615.552
Eldon ProFile File 'N Store Portable File Tub Letter/Legal Size Black,614.058
"Companion Letter/Legal File, Black",611.712
"Performers Binder/Pad Holder, Black",611.054
"Tyvek  Top-Opening Peel & Seel  Envelopes, Gray",610.98
Motorola L804,607.068
Xblue XB-1670-86 X16 Small Office Telephone - Titanium,604.752
Xerox 1911,603.54
Office Star - Task Chair with Contemporary Loop Arms,600.468
Lexmark 20R1285 X6650 Wireless All-in-One Printer,600
Anker Astro 15000mAh USB Portable Charger,599.88
"Contico 72""H Heavy-Duty Storage System",598.308
Hewlett-Packard Deskjet 5550 Printer,597.132
Xerox 1942,597.068
Grandstream GXP2100 Mainstream Business Phone,596.622
"Xerox Color Copier Paper, 11"" x 17"", Ream",593.84
Microsoft Wireless Mobile Mouse 4000,591.852
Panasonic KX TS3282B Corded phone,590.328
Xerox 1910,586.088
Wilson Jones Century Plastic Molded Ring Binders,583.637
Sony Micro Vault Click 8 GB USB 2.0 Flash Drive,582.676
Fellowes Econo/Stor Drawers,581.58
"Dana Fluorescent Magnifying Lamp, White, 36""",581.172
Canon PC170 Desktop Personal Copier,575.82
Xerox 1991,575.568
"Howard Miller 16"" Diameter Gallery Wall Clock",575.46
Avery 477,573.964
Xerox 1944,573.648
Panasonic KP-150 Electric Pencil Sharpener,573.648
PureGear Roll-On Screen Protector,571.714
First Data TMFD35 PIN Pad,571.2
"Tyvek  Top-Opening Peel & Seel Envelopes, Plain White",570.78
"Green Canvas Binder for 8-1/2"" x 14"" Sheets",569.24
Sanford 52201 APSCO Electric Pencil Sharpener,565.386
Belkin F8E887 USB Wired Ergonomic Keyboard,563.812
Eldon Advantage Chair Mats for Low to Medium Pile Carpets,563.03
Belkin F9M820V08 8 Outlet Surge,558.74
Microsoft Natural Ergonomic Keyboard 4000,557.814
Memorex Micro Travel Drive 16 GB,556.452
Wilson Jones Heavy-Duty Casebound Ring Binders with Metal Hinges,554.24
Jet-Pak Recycled Peel 'N' Seal Padded Mailers,552.706
Logitech Wireless Anywhere Mouse MX for PC and Mac,551.908
12-1/2 Diameter Round Wall Clock,551.448
Kensington SlimBlade Notebook Wireless Mouse with Nano Receiver ,549.89
"Conquest 14 Commercial Heavy-Duty Upright Vacuum, Collection System, Accessory Kit",546.816
"Eldon Delta Triangular Chair Mat, 52"" x 58"", Clear",546.192
Panasonic Business Telephones KX-T7736,546.06
"Avery Trapezoid Ring Binder, 3"" Capacity, Black, 1040 sheets",545.034
Memorex Mini Travel Drive 64 GB USB 2.0 Flash Drive,543.6
Xerox 1884,543.456
I Need's 3d Hello Kitty Hybrid Silicone Case Cover for HTC One X 4g with 3d Hello Kitty Stylus Pen Green/pink,542.984
O'Sullivan 5-Shelf Heavy-Duty Bookcases,540.804
Xerox 1935,538.152
Memorex Froggy Flash Drive 8 GB,536.05
Tensor Computer Mounted Lamp,536.04
Boston KS Multi-Size Manual Pencil Sharpener,533.368
Logitech ClearChat Comfort/USB Headset H390,533.078
Wilson Jones Legal Size Ring Binders,532.158
Howard Miller Distant Time Traveler Alarm Clock,531.948
Newell 334,531.712
Staple holder,528.78
Southworth 25% Cotton Premium Laser Paper and Envelopes,527.472
"Premier Elliptical Ring Binder, Black",526.612
"Boston Electric Pencil Sharpener, Model 1818, Charcoal Black",523.59
Space Solutions Industrial Galvanized Steel Shelving.,520.08
Bevis Round Conference Room Tables and Bases,519.941
Rogers Profile Extra Capacity Storage Tub,518.94
"Decoflex Hanging Personal Folder File, Blue",518.112
Alphabetical Labels for Top Tab Filing,518
"Tenex Personal Project File with Scoop Front Design, Black",517.632
Xerox 1889,516.624
Cisco SPA112 2 Port Phone Adapter,516.53
Belkin F9H710-06 7 Outlet SurgeMaster Surge Protector,516.216
Nokia Lumia 521 (T-Mobile),515.828
Bionaire Personal Warm Mist Humidifier/Vaporizer,515.79
"C-Line Cubicle Keepers Polyproplyene Holder w/Velcro Back, 8-1/2x11, 25/Bx",514.556
DAX Natural Wood-Tone Poster Frame,513.712
Xerox 1887,512.19
Newell 319,511.872
"DataProducts Ampli Magnifier Task Lamp, Black,",508.728
Socket Bluetooth Cordless Hand Scanner (CHS),506.28
Deluxe Heavy-Duty Vinyl Round Ring Binder,504.24
Logitech Media Keyboard K200,503.856
"Maxell 74 Minute CD-R Spindle, 50/Pack",503.28
Xerox 197,501.876
"Howard Miller 11-1/2"" Diameter Grantwood Wall Clock",500.308
Anker Ultra-Slim Mini Bluetooth 3.0 Wireless Keyboard,499.75
Xerox 1937,499.616
Jensen SMPS-640 - speaker phone,496.584
"BOSTON Model 1800 Electric Pencil Sharpeners, Putty/Woodgrain",496.248
GBC VeloBinder Electric Binding Machine,496.018
GE DSL Phone Line Filter,495.876
Belkin QODE FastFit Bluetooth Keyboard,495.6
Anker Ultrathin Bluetooth Wireless Keyboard Aluminum Cover with Stand ,491.836
Samsung HM1900 Bluetooth Headset,491.68
Xerox 1925,489.484
Rush Hierlooms Collection Rich Wood Bookcases,489.3792
"#10 White Business Envelopes,4 1/8 x 9 1/2",488.904
Clearsounds A400,488.326
24-Hour Round Wall Clock,487.512
GBC Recycled VeloBinder Covers,487.344
Safco Commercial Shelving,483.704
"Sortfiler Multipurpose Personal File Organizer, Black",483.414
AT&T CL82213,481.234
Fellowes Neat Ideas Storage Cubes,480.704
NeatDesk Desktop Scanner & Digital Filing System,479.988
Cherry 142-key Programmable Keyboard,479.72
"Howard Miller 12"" Round Wall Clock",479.338
Staples in misc. colors,478.812
Kingston Digital DataTraveler 16GB USB 2.0,477.93
DAX Wood Document Frame,477.804
"iKross Bluetooth Portable Keyboard + Cell Phone Stand Holder + Brush for Apple iPhone 5S 5C 5, 4S 4",477.66
Fellowes Super Stor/Drawer,477.3
Newell 345,476.16
AT&T SB67148 SynJ,475.128
"Memorex 25GB 6X Branded Blu-Ray Recordable Disc, 30/Pack",472.86
Enermax Briskie RF Wireless Keyboard and Mouse Combo,469.402
"Tenex V2T-RE Standard Weight Series Chair Mat, 45"" x 53"", Lip 25"" x 12""",468.468
Dexim XPower Skin Super-Thin Power Case for iPhone 5 - Black,467.92
Tenex Chairmats For Use with Hard Floors,467.712
Imation 32GB Pocket Pro USB 3.0 Flash Drive - 32 GB - Black - 1 P ...,467.22
Jackery Bar Premium Fast-charging Portable Charger,467.22
"Seth Thomas 14"" Day/Date Wall Clock",467.072
GBC Recycled Grain Textured Covers,466.29
GBC Standard Therm-A-Bind Covers,466.004
Ricoh - Ink Collector Unit for GX3000 Series Printers,465.645
Belkin F5C206VTEL 6 Outlet Surge,464.196
Electrix Fluorescent Magnifier Lamps & Weighted Base,463.796
"Global Task Chair, Black",463.099
V7 USB Numeric Keypad,461.868
Newell 34,460.288
"Personal Filing Tote with Lid, Black/Gray",459.096
"Acme Hot Forged Carbon Steel Scissors with Nickel-Plated Handles, 3 7/8"" Cut, 8""L",458.7
"IBM Multi-Purpose Copy Paper, 8 1/2 x 11"", Case",458.504
Acco Perma 4000 Stacking Storage Drawers,457.968
DAX Black Cherry Wood-Tone Poster Frame,455.456
9-3/4 Diameter Round Wall Clock,455.07
Xerox 1881,454.36
Panasonic KX - TS880B Telephone,453.42
"Acco Smartsocket Table Surge Protector, 6 Color-Coded Adapter Outlets",452.965
Poly Designer Cover & Back,451.962
"HP Officejet Pro 8600 e-All-In-One Printer, Copier, Scanner, Fax",449.97
Mobile Personal File Cube,449.664
Acco Smartsocket Color-Coded Six-Outlet AC Adapter Model Surge Protectors,448.902
"Acme 10"" Easy Grip Assistive Scissors",448.768
Hewlett-Packard Deskjet D4360 Printer,447.968
Boston 16801 Nautilus Battery Pencil Sharpener,444.602
Rogers Deluxe File Chest,443.996
Xerox 194,443.84
Imation Clip USB flash drive - 8 GB,443.68
invisibleSHIELD by ZAGG Smudge-Free Screen Protector,442.554
"Seth Thomas 16"" Steel Case Clock",441.728
Micro Innovations USB RF Wireless Keyboard with Mouse,440
"Deflect-o SuperTray Unbreakable Stackable Tray, Letter, Black",437.7
Prismacolor Color Pencil Set,436.48
Fellowes Basic Home/Office Series Surge Protectors,436.128
"Floodlight Indoor Halogen Bulbs, 1 Bulb per Pack, 60 Watts",434.56
"GBC Prepunched Paper, 19-Hole, for Binding Systems, 24-lb",433.789
Acco 6 Outlet Guardian Premium Surge Suppressor,432.432
"Dixon Ticonderoga Core-Lock Colored Pencils, 48-Color Set",431.29
Advantus Rolling Storage Box,428.75
Cisco SPA525G2 IP Phone - Wireless,426.93
O'Sullivan Cherrywood Estates Traditional Bookcase,424.9
14-7/8 x 11 Blue Bar Computer Printout Paper,422.752
Canvas Sectional Post Binders,422.636
Staple-based wall hangings,422.288
Round Specialty Laser Printer Labels,421.008
"Perixx PERIBOARD-512B, Ergonomic Split Keyboard",419.88
Motorla HX550 Universal Bluetooth Headset,419.23
Xerox 1939,417.34
Xerox 19,415.132
i.Sound Portable Power - 8000 mAh,413.322
"Acco Flexible ACCOHIDE Square Ring Data Binder, Dark Blue, 11 1/2"" X 14"" 7/8""",410.004
Kensington 6 Outlet Guardian Standard Surge Protector,409.6
Nu-Dell Executive Frame,409.536
"Tennsco Lockers, Sand",407.012
"Safco Wire Cube Shelving System, For Use as 4 or 5 14"" Cubes, Black",406.784
"TOPS Carbonless Receipt Book, Four 2-3/4 x 7-1/4 Money Receipts per Page",406.464
Computer Printout Paper with Letter-Trim Perforations,405.958
"Boston Model 1800 Electric Pencil Sharpener, Gray",405.36
Model L Table or Wall-Mount Pencil Sharpener,402.976
"Tennsco Lockers, Gray",402.816
"Atlantic Metals Mobile 2-Shelf Bookcases, Custom Colors",400.0268
Lexmark X 9575 Professional All-in-One Color Printer,396
Griffin GC17055 Auxiliary Audio Cable,395.78
"Seth Thomas 12"" Clock w/ Goldtone Case",390.66
Ibico Standard Transparent Covers,390.576
Boston 1799 Powerhouse Electric Pencil Sharpener,389.7
Logitech Wireless Headset H600 Over-The-Head Design,386.91
Fellowes Advanced Computer Series Surge Protectors,386.754
"XtraLife ClearVue Slant-D Ring Binder, White, 3""",386.084
Cisco Desktop Collaboration Experience DX650 IP Video Phone,385.8
OtterBox Commuter Series Case - Samsung Galaxy S4,384.846
"Logitech Wireless Boombox Speaker - portable - wireless, wired",383.04
Memorex Micro Travel Drive 32 GB,379.704
Eldon Advantage Foldable Chair Mats for Low Pile Carpets,379.4
AT&T EL51110 DECT,377.97
"Executive Impressions 14""",377.91
Clear Mylar Reinforcing Strips,377.538
Globe Weis Peel & Seel First Class Envelopes,375.732
Tennsco Commercial Shelving,374.256
"Maxell Pro 80 Minute CD-R, 10/Pack",374.072
"Memorex 25GB 6X Branded Blu-Ray Recordable Disc, 15/Pack",373.78
Acco Perma 3000 Stacking Storage Drawers,373.444
Avery 505,372.96
GBC Durable Plastic Covers,369.585
36X48 HARDFLOOR CHAIRMAT,369.248
"Multi-Use Personal File Cart and Caster Set, Three Stacking Bins",368.456
Lenovo 17-Key USB Numeric Keypad,367.092
Logitech Wireless Touch Keyboard K400,364.854
"Eldon Executive Woodline II Desk Accessories, Mahogany",361.872
SanDisk Cruzer 32 GB USB Flash Drive,361.38
KeyTronic 6101 Series - Keyboard - Black,360.712
Microsoft Arc Touch Mouse,359.7
"Seth Thomas 14"" Putty-Colored Wall Clock",357.948
Holmes Odor Grabber,357.616
Imation 8gb Micro Traveldrive Usb 2.0 Flash Drive,357
Kingston Digital DataTraveler 32GB USB 2.0,355.95
Aluminum Screw Posts,354.032
Pizazz Global Quick File,353.292
Xerox 1929,351.736
I.R.I.S IRISCard Anywhere 5 Card Scanner,350.973
Imation 8GB Mini TravelDrive USB 2.0 Flash Drive,350.204
Eldon Gobal File Keepers,348.22
"SimpliFile Personal File, Black Granite, 15w x 6-15/16d x 11-1/4h",347.31
"Executive Impressions 14"" Contract Wall Clock",346.788
Trimflex Flexible Post Binders,346.356
Sterilite Officeware Hinged File Box,345.84
Eldon Simplefile Box Office,345.832
2300 Heavy-Duty Transfer File Systems by Perma,344.724
Fellowes Mighty 8 Compact Surge Protector,344.59
Eldon Cleatmat Chair Mats for Medium Pile Carpets,344.1
"Acco Six-Outlet Power Strip, 4' Cord Length",343.076
GBC VeloBind Cover Sets,342.768
Tops Green Bar Computer Printout Paper,342.58
Boston 19500 Mighty Mite Electric Pencil Sharpener,342.55
"Brother MFC-9340CDW LED All-In-One Printer, Copier Scanner",341.991
Classic Ivory Antique Telephone ZL1810,341.666
Letter Size File,341.42
Anker 36W 4-Port USB Wall Charger Travel Power Adapter for iPhone 5s 5c 5,339.83
Luxo Economy Swing Arm Lamp,338.98
"Tenex File Box, Personal Filing Tote with Lid, Black",338.118
"White Business Envelopes with Contemporary Seam, Recycled White Business Envelopes",336.952
Wasp CCD Handheld Bar Code Reader,336.51
"BlueLounge Milo Smartphone Stand, White/Metallic",335.888
"Square Ring Data Binders, Rigid 75 Pt. Covers, 11"" x 14-7/8""",334.368
Xerox 226,334.368
"Contract Clock, 14"", Brown",334.096
Holmes 99% HEPA Air Purifier,333.564
Eldon Econocleat Chair Mats for Low Pile Carpets,331.76
Bulldog Vacuum Base Pencil Sharpener,330.924
SanDisk Ultra 16 GB MicroSDHC Class 10 Memory Card,329.946
Xerox 1979,328.388
Multimedia Mailers,325.86
KeyTronic E03601U1 - Keyboard - Beige,324
RCA ViSYS 25425RE1 Corded phone,323.976
Sauder Cornerstone Collection Library,322.192
Kensington K72356US Mouse-in-a-Box USB Desktop Mouse,321.846
Personal Creations Ink Jet Cards and Labels,321.44
"White Envelopes, White Envelopes with Clear Poly Window",320.25
Konica Minolta magicolor 1690MF Multifunction Printer,319.92
X-Rack File for Hanging Folders,318.378
"Rogers Jumbo File, Granite",317.772
"Seth Thomas 13 1/2"" Wall Clock",316.484
"Executive Impressions 13"" Clairmont Wall Clock",315.372
"Avery Trapezoid Extra Heavy Duty 4"" Binders",314.55
"GBC Pre-Punched Binding Paper, Plastic, White, 8-1/2"" x 11""",310.206
"Executive Impressions 14"" Two-Color Numerals Wall Clock",308.992
Recycled Easel Ring Binders,308.844
Fiskars Softgrip Scissors,307.44
Acme Box Cutter Scissors,306.9
3M Replacement Filter for Office Air Cleaner for 20' x 33' Room,303.36
Eldon Fold 'N Roll Cart System,301.968
Eldon Shelf Savers Cubes and Bins,300.14
Lexmark S315 Color Inkjet Printer,299.97
Tensor Track Tree Floor Lamp,299.85
Honeywell Enviracaire Portable Air Cleaner for up to 8 x 10 Room,299.208
Memorex Micro Travel Drive 8 GB,299
Coloredge Poster Frame,298.2
Boston Home & Office Model 2000 Electric Pencil Sharpeners,297.99
Maxell DVD-RAM Discs,296.64
"Vinyl Coated Wire Paper Clips in Organizer Box, 800/Box",296.184
Xerox 1933,294.72
Stanley Contemporary Battery Pencil Sharpeners,293.7
Micropad Numeric Keypads,291.854
"DAX Contemporary Wood Frame with Silver Metal Mat, Desktop, 11 x 14 Size",291.456
Acco 6 Outlet Guardian Premium Plus Surge Suppressor,289.456
Peel-Off China Markers,287.97
"Acco Data Flex Cable Posts For Top & Bottom Load Binders, 6"" Capacity",287.868
"#10- 4 1/8"" x 9 1/2"" Recycled Envelopes",286.672
OtterBox Commuter Series Case - iPhone 5 & 5s,285.87
"Fellowes Personal Hanging Folder Files, Navy",284.716
Embossed Ink Jet Note Cards,284.382
"Iris 3-Drawer Stacking Bin, Black",284.104
"REDIFORM Incoming/Outgoing Call Register, 11"" X 8 1/2"", 100 Messages",281.892
Lunatik TT5L-002 Taktik Strike Impact Protection System for iPhone 5,281.658
Xerox 1898,280.56
Memorex Mini Travel Drive 32 GB USB 2.0 Flash Drive,280
"Epson WorkForce WF-2530 All-in-One Printer, Copier Scanner",279.96
Macally Suction Cup Mount,279.63
Westinghouse Clip-On Gooseneck Lamps,279.558
Acme Forged Steel Scissors with Black Enamel Handles,279.3
"Tenex Personal Filing Tote With Secure Closure Lid, Black/Frost",279.18
Storex Dura Pro Binders,278.586
Belkin 8-Outlet Premiere SurgeMaster II Surge Protectors,277.92
"Avery Address/Shipping Labels for Typewriters, 4"" x 2""",277.38
Large Capacity Hanging Post Binders,276.945
"Neat Ideas Personal Hanging Folder Files, Black",276.658
HP Standard 104 key PS/2 Keyboard,275.5
Stanley Bostitch Contemporary Electric Pencil Sharpeners,275.076
Staple magnet,272.892
Seidio BD2-HK3IPH5-BK DILEX Case and Holster Combo for Apple iPhone 5/5s - Black,272.888
Fellowes Binding Cases,271.44
Advantus Panel Wall Certificate Holder - 8.5x11,270.84
Adjustable Personal File Tote,270.248
Plastic Binding Combs,269.67
"GBC Twin Loop Wire Binding Elements, 9/16"" Spine, Black",269.394
"GBC White Gloss Covers, Plain Front",269.328
"Recycled Desk Saver Line ""While You Were Out"" Book, 5 1/2"" X 4""",268.5
Xerox 1938,268.24
Eldon Wave Desk Accessories,266.73
Avery 475,266.4
Belkin F9S820V06 8 Outlet Surge,266.336
Belkin Standard 104 key USB Keyboard,265.538
Ultra Door Pull Handle,265.104
Maxell 4.7GB DVD+RW 3/Pack,264.438
"Peel & Seel Recycled Catalog Envelopes, Brown",264.024
Newell 324,263.34
Staple remover,263.088
"Southworth 100% Résumé Paper, 24lb.",262.964
"Eldon Expressions Desk Accessory, Wood Photo Frame, Mahogany",262.752
File Shuttle I and Handi-File,262.668
Belkin 6 Outlet Metallic Surge Strip,262.449
"LF Elite 3D Dazzle Designer Hard Case Cover, Lf Stylus Pen and Wiper For Apple Iphone 5c Mini Lite",261.6
Hand-Finished Solid Wood Document Frame,260.148
3M Office Air Cleaner,259.8
Desktop 3-Pocket Hot File,259.68
"Recycled Interoffice Envelopes with String and Button Closure, 10 x 13",259.092
"Executive Impressions 10"" Spectator Wall Clock",258.72
"GBC Standard Recycled Report Covers, Clear Plastic Sheets",258.72
Avery Legal 4-Ring Binder,258.054
Mediabridge Sport Armband iPhone 5s,257.742
GBC Poly Designer Binding Covers,256.122
Berol Giant Pencil Sharpener,254.85
"Executive Impressions 13"" Chairman Wall Clock",253.8
"Linden 10"" Round Wall Clock, Black",253.648
Apple EarPods with Remote and Mic,251.91
Magnifier Swing Arm Lamp,251.76
Sony 32GB Class 10 Micro SDHC R40 Memory Card,251.4
Hanging Personal Folder File,251.2
Sony Micro Vault Click 4 GB USB 2.0 Flash Drive,250.92
Avery 473,248.4
Belkin OmniView SE Rackmount Kit,248.36
"Verbatim 25 GB 6x Blu-ray Single Layer Recordable Disc, 25/Pack",248.292
Nu-Dell Leatherette Frames,246.648
"Wirebound Message Books, Four 2 3/4"" x 5"" Forms per Page, 600 Sets per Book",246.582
Strathmore Photo Mount Cards,245.436
SAFCO Optional Arm Kit for Workspace Cribbage Stacking Chair,245.088
Xerox 1890,244.7
Brown Kraft Recycled Envelopes,244.512
Aluminum Document Frame,244.4
Fellowes Advanced 8 Outlet Surge Suppressor with Phone/Fax Protection,244.288
GBC Imprintable Covers,241.56
Quality Park Security Envelopes,240.764
RCA H5401RE1 DECT 6.0 4-Line Cordless Handset With Caller ID/Call Waiting,239.97
Logitech M510 Wireless Mouse,239.94
"Belkin SportFit Armband For iPhone 5s/5c, Fuchsia",239.84
Holmes HEPA Air Purifier,239.58
"Avery Flip-Chart Easel Binder, Black",239.466
Xerox 216,238.464
Wilson Jones Leather-Like Binders with DublLock Round Rings,238.329
Xerox 1982,237.536
Martin-Yale Premier Letter Opener,236.992
Recycled Eldon Regeneration Jumbo File,235.776
Avery 50,235.564
Acco D-Ring Binder w/DublLock,235.18
DAX Two-Tone Silver Metal Document Frame,234.784
Newell 312,234.768
Spigen Samsung Galaxy S5 Case Wallet,234.462
Panasonic KP-4ABK Battery-Operated Pencil Sharpener,234.24
"Maxell 74 Minute CDR, 10/Pack",232.764
Petty Cash Envelope,231.856
"Tenex Personal Self-Stacking Standard File Box, Black/Gray",229.976
Black & Decker Filter for Double Action Dustbuster Cordless Vac BLDV7210,229.886
Dixon Ticonderoga Core-Lock Colored Pencils,229.572
Advantus Motivational Note Cards,227.94
"Adams Phone Message Book, 200 Message Capacity, 8 1/16” x 11”",227.04
Iris Project Case,225.036
Advantus Plastic Paper Clips,225
Cisco 8961 IP Phone Charcoal,224.937
Portable Personal File Box,224.664
iOttie XL Car Mount,223.888
"Adams Telephone Message Book w/Frequently-Called Numbers Space, 400 Messages per Book",223.44
"Avery Hi-Liter EverBold Pen Style Fluorescent Highlighters, 4/Pack",219.78
"Letter/Legal File Tote with Clear Snap-On Lid, Black Granite",218.416
"Wirebound Message Books, Four 2 3/4 x 5 White Forms per Page",218.094
Avery Non-Stick Binders,217.316
"Fiskars 8"" Scissors, 2/Pack",217.224
ARKON Windshield Dashboard Air Vent Car Mount Holder,216.96
3M Polarizing Light Filter Sleeves,216.34
"DAX Two-Tone Rosewood/Black Document Frame, Desktop, 5 x 7",216.144
iOttie HLCRIO102 Car Mount,215.892
Xerox 214,215.136
DXL Angle-View Binders with Locking Rings by Samsill,215.109
Cisco SPA 501G IP Phone,213.48
Xerox 188,213.192
GBC Wire Binding Strips,212.658
Wilson Jones Turn Tabs Binder Tool for Ring Binders,212.08
Standard Line “While You Were Out” Hardbound Telephone Message Book,211.008
"Seth Thomas 8 1/2"" Cubicle Clock",210.912
Xerox 1931,209.952
"Sanford Prismacolor Professional Thick Lead Art Pencils, 36-Color Set",209.664
SANFORD Major Accent Highlighters,209.568
Cardinal EasyOpen D-Ring Binders,209.306
Ibico Plastic and Wire Spiral Binding Combs,208.221
Acco Perma 2700 Stacking Storage Drawers,208.18
Logitech LS21 Speaker System - PC Multimedia - 2.1-CH - Wired,207.896
GBC Linen Binding Covers,207.566
Global Enterprise Series Seating Low-Back Swivel/Tilt Chairs,207.184
Epson Perfection V600 Photo Scanner,206.991
JM Magazine Binder,204.724
Texas Instruments TI-34 Scientific Calculator,204.507
"Holmes Replacement Filter for HEPA Air Cleaner, Medium Room",203.94
Kingston Digital DataTraveler 64GB USB 2.0,202.68
Pyle PRT45 Retro Home Telephone,201.568
Fellowes Desktop Hanging File Manager,201.45
Xerox 1912,201.082
Southworth 25% Cotton Antique Laid Paper & Envelopes,200.16
PayAnywhere Card Reader,199.8
Bionaire 99.97% HEPA Air Cleaner,199.728
Laser & Ink Jet Business Envelopes,198.462
Eldon 500 Class Desk Accessories,197.948
"Angle-D Binders with Locking Rings, Label Holders",197.83
Panasonic KP-310 Heavy-Duty Electric Pencil Sharpener,197.82
"Inter-Office Recycled Envelopes, Brown Kraft, Button-String,10"" x 13"" , 100/Box",197.82
"Square Credit Card Reader, 4 1/2"" x 4 1/2"" x 1"", White",197.802
"Eureka Hand Vacuum, Bagless",197.72
"Alliance Super-Size Bands, Assorted Sizes",197.612
Avery Recycled Flexi-View Covers for Binding Systems,197.169
Xerox 225,196.992
"Rediform S.O.S. 1-Up Phone Message Bk, 4-1/4x3-1/16 Bk, 1 Form/Pg, 40 Messages/Bk, 3/Pk",196.98
Newell 309,196.35
"DAX Executive Solid Wood Document Frame, Desktop or Hang, Mahogany, 5 x 7",196.248
Acme Tagit Stainless Steel Antibacterial Scissors,196.02
Acme Galleria Hot Forged Steel Scissors with Colored Handles,195.052
"Career Cubicle Clock, 8 1/4"", Black",194.688
Memorex Mini Travel Drive 8 GB USB 2.0 Flash Drive,194.544
Contemporary Wood/Metal Frame,193.92
Project Tote Personal File,193.614
"Wilson Jones Clip & Carry Folder Binder Tool for Ring Binders, Clear",191.98
Computer Printout Paper with Letter-Trim Fine Perforations,191.6
Xerox 1895,191.36
Avery Premier Heavy-Duty Binder with Round Locking Rings,191.352
Sony 16GB Class 10 Micro SDHC R40 Memory Card,190.772
Gear Head AU3700S Headset,189.654
Speck Products Candyshell Flip Case,188.946
Xerox 209,187.92
White GlueTop Scratch Pads,186.496
"Wirebound Message Book, 4 per Page",184.62
"Verbatim 25 GB 6x Blu-ray Single Layer Recordable Disc, 3/Pack",184.536
GBC Wire Binding Combs,184.052
Ibico Covers for Plastic or Wire Binding Elements,184
"Eldon Expressions Wood Desk Accessories, Oak",183.024
Xerox 1955,182.72
"Fellowes Twister Kit, Gray/Clear, 3/pkg",182.508
Deluxe Chalkboard Eraser Cleaner,182.49
"Speediset Carbonless Redi-Letter 7"" x 8 1/2""",181.456
"Fellowes Smart Surge Ten-Outlet Protector, Platinum",180.66
"Perma STOR-ALL Hanging File Box, 13 1/8""W x 12 1/4""D x 10 1/2""H",180.596
"Tenex Traditional Chairmats for Hard Floors, Average Lip, 36"" x 48""",180.46
"Eldon Image Series Desk Accessories, Ebony",180.31
Okidata B401 Printer,179.991
Super Decoflex Portable Personal File,179.76
"Elite 5"" Scissors",179.14
"Cardinal Slant-D Ring Binder, Heavy Gauge Vinyl",179.014
Xerox 1997,178.848
Xerox 1892,178.296
Personal File Boxes with Fold-Down Carry Handle,177.612
Avery 490,177.6
"Master Caster Door Stop, Brown",176.784
Heavy-Duty E-Z-D Binders,176.742
"Executive Impressions 12"" Wall Clock",176.7
Crate-A-Files,176.58
Avery 499,176.292
"#10-4 1/8"" x 9 1/2"" Premium Diagonal Seam Envelopes",176.288
Xerox 1996,176.256
"DAX Value U-Channel Document Frames, Easel Back",175.938
Tenex Chairmats For Use With Carpeted Floors,175.78
Griffin GC36547 PowerJolt SE Lightning Charger,175.422
"Acco PRESSTEX Data Binder with Storage Hooks, Dark Blue, 14 7/8"" X 11""",175.388
Wilson Jones International Size A4 Ring Binders,174.73
Xerox 1978,174.556
Logitech Keyboard K120,174.24
Square Credit Card Reader,173.826
BIC Liqua Brite Liner,173.5
GBC Plastic Binding Combs,172.692
"Adams Telephone Message Book W/Dividers/Space For Phone Numbers, 5 1/4""X8 1/2"", 200/Messages",172.672
Lumber Crayons,171.39
4009 Highlighters by Sanford,171.14
"DAX Copper Panel Document Frame, 5 x 7 Size",171.088
Xerox 202,171.072
Boston 1730 StandUp Electric Pencil Sharpener,171.04
Avery Heavy-Duty EZD View Binder with Locking Rings,170.984
Logitech Illuminated Ultrathin Keyboard with Backlighting,170.97
Euro Pro Shark Stick Mini Vacuum,170.744
Nu-Dell Float Frame 11 x 14 1/2,170.62
Great White Multi-Use Recycled Paper (20Lb. and 84 Bright),169.832
Xerox 1894,169.776
Xerox 1973,169.016
Electrix 20W Halogen Replacement Bulb for Zoom-In Desk Lamp,168.84
"DAX Charcoal/Nickel-Tone Document Frame, 5 x 7",168.744
Hoover Commercial SteamVac,168.392
Avery 486,168.13
"Westinghouse Floor Lamp with Metal Mesh Shade, Black",167.93
Southworth 25% Cotton Linen-Finish Paper & Envelopes,166.704
Acme Softgrip Scissors,166.056
Xerox 1968,165.664
GBC Instant Report Kit,164.985
Xerox 195,164.328
Security-Tint Envelopes,163.496
"GE General Use Halogen Bulbs, 100 Watts, 1 Bulb per Pack",163.332
"DAX Metal Frame, Desktop, Stepped-Edge",161.92
"It's Hot Message Books with Stickers, 2 3/4"" x 5""",161.32
"Eldon Expressions Wood and Plastic Desk Accessories, Cherry Wood",160.54
"Black Print Carbonless Snap-Off Rapid Letter, 8 1/2"" x 7""",160.336
RCA ViSYS 25423RE1 Corded phone,159.984
Acme Office Executive Series Stainless Steel Trimmers,159.402
Avery 489,159.39
DAX Wood Document Frame.,159.268
"Eldon 400 Class Desk Accessories, Black Carbon",159.25
"Ultra Door Kickplate, 8""H x 34""W",158.24
Belkin 7 Outlet SurgeMaster Surge Protector with Phone Protection,157.92
GBC Personal VeloBind Strips,156.938
Artistic Insta-Plaque,156.8
Xerox 1936,155.844
"Eldon Expressions Punched Metal & Wood Desk Accessories, Black & Cherry",155.708
Weyerhaeuser First Choice Laser/Copy Paper (20Lb. and 88 Bright),155.52
"Eldon Stackable Tray, Side-Load, Legal, Smoke",155.38
Avery 503,155.25
Xerox 1918,155.04
Imation 30456 USB Flash Drive 8GB,154.56
"Master Caster Door Stop, Large Neon Orange",154.336
"Permanent Self-Adhesive File Folder Labels for Typewriters, 1 1/8 x 3 1/2, White",153.72
Self-Adhesive Address Labels for Typewriters by Universal,153.51
"Message Book, Wirebound, Four 5 1/2"" X 4"" Forms/Pg., 200 Dupl. Sets/Book",152.144
"Master Big Foot Doorstop, Beige",152.064
Nu-Dell Oak Frame,151.656
Xerox 217,151.632
Southworth 100% Cotton The Best Paper,151.536
"Holmes Replacement Filter for HEPA Air Cleaner, Large Room",151.062
"Verbatim 25 GB 6x Blu-ray Single Layer Recordable Disc, 10/Pack",150.67
Xerox 205,150.336
Acco 6 Outlet Guardian Standard Surge Suppressor,149.916
Xerox 1948,149.85
"Eldon Expressions Wood and Plastic Desk Accessories, Oak",149.7
Sanford Liquid Accent Highlighters,149.632
Ultra Door Push Plate,149.264
KeyTronic KT400U2 - Keyboard - Black,148.032
Anker Astro Mini 3000mAh Ultra-Compact Portable Charger,147.926
Xerox 1993,147.744
Kensington 6 Outlet SmartSocket Surge Protector,147.528
"Holmes Cool Mist Humidifier for the Whole House with 8-Gallon Output per Day, Extended Life Filter",147.26
"ACCOHIDE 3-Ring Binder, Blue, 1""",147.028
"GBC Laser Imprintable Binding System Covers, Desert Sand",146.981
"#10- 4 1/8"" x 9 1/2"" Security-Tint Envelopes",146.688
Maxell 4.7GB DVD-RW 3/Pack,146.556
Xerox 1905,146.448
Tensor Brushed Steel Torchiere Floor Lamp,146.114
Newell 315,145.912
"Personal Folder Holder, Ebony",145.73
"DAX Cubicle Frames, 8-1/2 x 11",145.69
Xerox 220,145.152
Astroparche Fine Business Paper,144.672
Telescoping Adjustable Floor Lamp,143.928
Xerox 203,143.856
"Wilson Jones Hanging View Binder, White, 1""",143.42
Avery Self-Adhesive Photo Pockets for Polaroid Photos,143.01
Xerox 192,142.56
Flexible Leather- Look Classic Collection Ring Binder,142.05
Ibico Recycled Grain-Textured Covers,141.614
Xerox 23,141.264
Xerox 212,141.264
"Eberhard Faber 3 1/2"" Golf Pencils",139.872
"OIC Colored Binder Clips, Assorted Sizes",139.62
"Advantus Push Pins, Aluminum Head",139.44
Xerox 4200 Series MultiUse Premium Copy Paper (20Lb. and 84 Bright),139.392
Xerox 1903,138.736
Xerox 1930,138.672
Things To Do Today Pad,138.532
50 Colored Long Pencils,138.176
"Eldon 200 Class Desk Accessories, Smoke",138.16
"Avery 3 1/2"" Diskette Storage Pages, 10/Pack",137.808
Acco 3-Hole Punch,137.532
Xerox 2,137.376
GBC Binding covers,137.27
C-Line Cubicle Keepers Polyproplyene Holder With Velcro Backings,137.17
Avery 476,137.116
Riverleaf Stik-Withit Designer Note Cubes,136.816
"Cardinal HOLDit! Binder Insert Strips,Extra Strips",136.728
"Barricks Non-Folding Utility Table with Steel Legs, Laminate Tops",136.464
"GBC Clear Cover, 8-1/2 x 11, unpunched, 25 covers per pack",136.44
"C-Line Magnetic Cubicle Keepers, Clear Polypropylene",136.344
Xerox 1947,136.344
Stiletto Hand Letter Openers,136.32
Memorex Froggy Flash Drive 4 GB,136.276
Avery Metallic Poly Binders,135.801
"Eldon 200 Class Desk Accessories, Burgundy",135.648
Xerox 222,134.784
Wilson Jones Impact Binders,134.68
Fellowes Presentation Covers for Comb Binding Machines,133.86
Xerox 1959,133.6
Eldon 200 Class Desk Accessories,133.136
OtterBox Defender Series Case - iPhone 5c,133.128
"Adams Telephone Message Book W/Dividers/Space For Phone Numbers, 5 1/4""X8 1/2"", 300/Messages",132.888
Hewlett-Packard 300S Scientific Calculator,131.1
"Acco Pressboard Covers with Storage Hooks, 14 7/8"" x 11"", Light Blue",131.097
Xerox 1977,130.928
Universal Premium White Copier/Laser Paper (20Lb. and 87 Bright),129.168
Harmony HEPA Quiet Air Purifiers,128.7
OIC Binder Clips,128.164
Newell 325,128.03
PowerGen Dual USB Car Charger,127.872
Newell 347,127.544
Xerox 230,127.008
KLD Oscar II Style Snap-on Ultra Thin Side Flip Synthetic Leather Cover Case for HTC One HTC M7,126.36
"Wirebound Service Call Books, 5 1/2"" x 4""",125.84
DAX Cubicle Frames - 8x10,125.786
"Manila Recycled Extra-Heavyweight Clasp Envelopes, 6"" x 9""",125.172
Dell Slim USB Multimedia Keyboard,125
"Ampad Phone Message Book, Recycled, 400 Message Capacity, 5 ¾” x 11”",124.8
Deflect-O Glasstique Clear Desk Accessories,124.74
Xerox 1928,124.608
"DXL Angle-View Binders with Locking Rings, Black",124.592
"6"" Cubicle Wall Clock, Black",124.586
Panasonic KP-350BK Electric Pencil Sharpener with Auto Stop,124.488
Xerox 21,124.416
Avery Hi-Liter Smear-Safe Highlighters,123.808
"BIC Brite Liner Highlighters, Chisel Tip",123.12
VariCap6 Expandable Binder,122.83
Xerox 1907,122.8
"Acco Four Pocket Poly Ring Binder with Label Holder, Smoke, 1""",122.18
Xerox 1995,121.824
"Ink Jet Note and Greeting Cards, 8-1/2"" x 5-1/2"" Card Size",121.392
Avery 519,121.346
"Eldon Expressions Punched Metal & Wood Desk Accessories, Pewter & Cherry",121.296
Crayola Colored Pencils,120.704
Xerox 232,120.528
Xerox 227,120.528
"Wirebound Four 2-3/4 x 5 Forms per Page, 400 Sets per Book",119.97
Cardinal Slant-D Ring Binders,119.922
"Bush Saratoga Collection 5-Shelf Bookcase, Hanover Cherry, *Special Order",119.833
DAX Clear Channel Poster Frame,119.556
Cyber Acoustics AC-202b Speech Recognition Stereo Headset,119.508
"Message Book, Phone, Wirebound Standard Line Memo, 2 3/4"" X 5""",119.21
"BIC Brite Liner Grip Highlighters, Assorted, 5/Pack",118.72
Newell 314,118.296
"Wilson Jones 1"" Hanging DublLock Ring Binders",117.744
"SlimView Poly Binder, 3/8""",117.586
"Electrix Incandescent Magnifying Lamp, Black",117.28
Strathmore Photo Frame Cards,116.96
Avery Hole Reinforcements,116.501
"Avery Durable Plastic 1"" Binders",116.224
"Wirebound Message Books, Four 2 3/4 x 5 Forms per Page, 200 Sets per Book",115.434
Avery Printable Repositionable Plastic Tabs,115.24
Longer-Life Soft White Bulbs,115.192
Wilson Jones Active Use Binders,115.024
Xerox 1949,114.54
Xerox 1971,113.848
Avery File Folder Labels,113.472
DAX Solid Wood Frames,113.332
Akro-Mils 12-Gallon Tote,113.202
Pressboard Hanging Data Binders for Unburst Sheets,112.668
Xerox 213,111.456
"Eldon Image Series Desk Accessories, Burgundy",111.188
"Dixon Prang Watercolor Pencils, 10-Color Set with Brush",110.76
SpineVue Locking Slant-D Ring Binders by Cardinal,110.594
Avery Heavy-Duty EZD  Binder With Locking Rings,110.484
Self-Adhesive Removable Labels,110.25
Xerox 204,110.16
Xerox 201,110.16
"Eureka Recycled Copy Paper 8 1/2"" x 11"", Ream",110.16
"Rediform Wirebound ""Phone Memo"" Message Book, 11 x 5-3/4",110.016
Recycled Premium Regency Composition Covers,110.016
Avery 516,109.65
"Wirebound Message Books, Two 4 1/4"" x 5"" Forms per Page",109.584
Xerox 1962,109.568
Dana Swing-Arm Lamps,108.936
#10 Self-Seal White Envelopes,108.682
GBC Standard Plastic Binding Systems' Combs,108.644
"Wirebound Message Books, 2 7/8"" x 5"", 3 Forms per Page",108.416
"Eldon Expressions Desk Accessory, Wood Pencil Holder, Oak",108.08
3M Hangers With Command Adhesive,108.04
Micro Innovations Wireless Classic Keyboard with Mouse,107.964
SanDisk Cruzer 16 GB USB Flash Drive,107.912
"Ampad Gold Fibre Wirebound Steno Books, 6"" x 9"", Gregg Ruled",106.722
Avery 518,106.47
HP Office Recycled Paper (20Lb. and 87 Bright),106.352
"Array Parchment Paper, Assorted Colors",106.288
Belkin 7-Outlet SurgeMaster Home Series,106.172
Avery Hanging File Binders,105.846
Xerox 1900,105.288
Rosewill 107 Normal Keys USB Wired Standard Keyboard,105.144
Xerox 211,104.976
Samsung Replacement EH64AVFWE Premium Headset,104.5
Memorex Micro Travel Drive 4 GB,103.88
Avery Personal Creations Heavyweight Cards,103.86
"Pressboard Covers with Storage Hooks, 9 1/2"" x 11"", Light Blue",102.619
Boston 16765 Mini Stand Up Battery Pencil Sharpener,102.608
"TOPS 4 x 6 Fluorescent Color Memo Sheets, 500 Sheets per Pack",102.492
Fellowes Black Plastic Comb Bindings,102.256
Acme Titanium Bonded Scissors,102
Hewlett-Packard Deskjet F4180 All-in-One Color Ink-jet - Printer / copier / scanner,101.994
"Linden 12"" Wall Clock With Oak Frame",101.94
Xerox 1970,101.592
Zebra Zazzle Fluorescent Highlighters,100.928
Wilson Jones “Snap” Scratch Pad Binder Tool for Ring Binders,100.92
Cardinal Holdit Data Disk Pockets,100.464
Wilson Jones 14 Line Acrylic Coated Pressboard Data Binders,100.392
Prang Drawing Pencil Set,100.08
Xerox Blank Computer Paper,99.9
"Avery Framed View Binder, EZD Ring (Locking), Navy, 1 1/2""",99.8
Pressboard Data Binders by Wilson Jones,99.324
Portfile Personal File Boxes,99.12
"Telephone Message Books with Fax/Mobile Section, 5 1/2"" x 3 3/16""",99.06
"GE 4 Foot Flourescent Tube, 40 Watt",98.868
Xerox 1999,98.496
Eldon Executive Woodline II Cherry Finish Desk Accessories,98.136
"Executive Impressions 14"" Contract Wall Clock with Quartz Movement",97.812
Fiskars Home & Office Scissors,97.68
Xerox 1952,97.608
Xerox 219,97.2
Xerox 228,97.2
Avery 495,97.02
Newell 341,96.728
Wilson Jones Standard D-Ring Binders,96.646
Sabrent 4-Port USB 2.0 Hub,96.418
Dax Clear Box Frame,96.03
"Dixon My First Ticonderoga Pencil, #2",95.94
Xerox 210,95.904
Xerox 224,95.904
Xerox 1957,95.904
Avery 51,95.76
Avery White Multi-Purpose Labels,95.616
Acme Elite Stainless Steel Scissors,95.076
Newell 31,94.99
"Adams Phone Message Book, Professional, 400 Message Capacity, 5 3/6” x 11”",94.928
DIXON Ticonderoga Erasable Checking Pencils,94.86
Xerox 1923,94.856
Storex DuraTech Recycled Plastic Frosted Binders,94.128
Acrylic Self-Standing Desk Frames,93.984
Avery 513,93.624
Eldon Expressions Mahogany Wood Desk Collection,93.6
"Tensor ""Hersey Kiss"" Styled Floor Lamp",93.528
"Snap-A-Way Black Print Carbonless Speed Message, No Reply Area, Duplicate",93.248
"Redi-Strip #10 Envelopes, 4 1/8 x 9 1/2",93.22
Newell 35,93.152
Presstex Flexible Ring Binders,92.82
Xerox 1987,92.48
Xerox 196,92.48
OIC Bulk Pack Metal Binder Clips,92.136
Avery Binding System Hidden Tab Executive Style Index Sets,91.743
Acco Translucent Poly Ring Binders,91.728
Hoover Commercial Soft Guard Upright Vacuum And Disposable Filtration Bags,91.686
Akro Stacking Bins,91.524
Penpower WorldCard Pro Card Scanner,91.475
"Acco Pressboard Covers with Storage Hooks, 9 1/2"" x 11"", Executive Red",91.44
Avery 481,91.168
"Bush Westfield Collection Bookcases, Dark Cherry Finish, Fully Assembled",90.882
Acme Preferred Stainless Steel Scissors,90.88
Fluorescent Highlighters by Dixon,90.744
Avery 48,90.72
Avery Durable Slant Ring Binders With Label Holder,90.706
Prang Colored Pencils,90.552
Xerox 1920,89.7
Xerox 1956,89.7
"Avery Durable Slant Ring Binders, No Labels",89.55
Xerox 1967,89.424
"RSVP Cards & Envelopes, Blank White, 8-1/2"" X 11"", 24 Cards/25 Envelopes/Set",89.408
Avery 480,89.25
Acme Design Stainless Steel Bent Scissors,88.92
"Binney & Smith Crayola Metallic Colored Pencils, 8-Color Set",88.896
Avery 478,88.38
Manco Dry-Lighter Erasable Highlighter,88.16
"TOPS Money Receipt Book, Consecutively Numbered in Red,",88.11
AmazonBasics 3-Button USB Wired Mouse,88.074
"Bravo II Megaboss 12-Amp Hard Body Upright, Replacement Belts, 2 Belts per Pack",87.75
Advantus Map Pennant Flags and Round Head Tacks,87.69
Cardinal Holdit Business Card Pockets,87.648
Advantus Panel Wall Acrylic Frame,87.52
Avery 508,87.398
Avery Durable Binders,87.264
HP Office Paper (20Lb. and 87 Bright),86.84
Newell 333,86.736
BIC Brite Liner Highlighters,86.112
Xerox 1992,86.112
Boston 16701 Slimline Battery Pencil Sharpener,86.076
"C-Line Peel & Stick Add-On Filing Pockets, 8-3/4 x 5-1/8, 10/Pack",85.995
Prestige Round Ring Binders,85.728
Xerox 229,85.536
Xerox 1986,85.504
"Acco Recycled 2"" Capacity Laser Printer Hanging Data Binders",85.255
Xerox 1932,85.056
Avery 487,84.87
"Westinghouse Mesh Shade Clip-On Gooseneck Lamp, Black",84.84
Magna Visual Magnetic Picture Hangers,84.832
Xerox 1954,84.48
Avery 512,84.388
Xerox 200,84.24
Xerox 2000,84.24
"Hunt BOSTON Vista Battery-Operated Pencil Sharpener, Black",83.952
Belkin iPhone and iPad Lightning Cable,83.944
"Eureka Sanitaire  Multi-Pro Heavy-Duty Upright, Disposable Bags",83.904
Southworth Parchment Paper & Envelopes,83.712
Avery 483,83.664
"Master Giant Foot Doorstop, Safety Yellow",83.49
"Verbatim 25 GB 6x Blu-ray Single Layer Recordable Disc, 1/Pack",83.44
Newell Chalk Holder,83.426
3M Organizer Strips,83.16
Avery Durable Poly Binders,82.95
OIC Stacking Trays,82.832
Newell 351,82.656
Things To Do Today Spiral Book,82.368
Xerox 1902,82.224
Zipper Ring Binder Pockets,81.744
"Premium Writing Pencils, Soft, #2 by Central Association for the Blind",81.652
Acme Stainless Steel Office Snips,81.424
Newell 320,81.32
G.E. Longer-Life Indoor Recessed Floodlight Bulbs,81.008
"Adams Telephone Message Books, 5 1/4” x 11”",80.936
"Verbatim Slim CD and DVD Storage Cases, 50/Pack",80.78
"Quartet Omega Colored Chalk, 12/Pack",80.592
Tuff Stuff Recycled Round Ring Binders,80.494
Xerox 221,80.352
Newell 317,79.968
Eldon File Chest Portable File,79.4
QVS USB Car Charger 2-Port 2.1Amp for iPod/iPhone/iPad/iPad 2/iPad 3,79.23
Xerox 1966,79.056
Xerox 1946,79.056
Xerox 231,79.056
Avery 474,78.336
Sterilite Show Offs Storage Containers,78.144
Avery Poly Binder Pockets,78.044
Fashion Color Clasp Envelopes,77.904
Bulldog Table or Wall-Mount Pencil Sharpener,77.87
Xerox 193,77.74
Plymouth Boxed Rubber Bands by Plymouth,77.244
Xerox 1963,77.088
"Memo Book, 100 Message Capacity, 5 3/8” x 11”",76.836
Acme Value Line Scissors,76.65
Xerox 1994,76.464
"Geographics Note Cards, Blank, White, 8 1/2"" x 11""",76.092
Newell 328,75.92
Xerox 198,75.696
Rogers Handheld Barrel Pencil Sharpener,75.624
Fiskars Spring-Action Scissors,75.492
"SmartStand Mobile Device Holder, Assorted Colors",75.492
"Eldon 200 Class Desk Accessories, Black",75.36
"Dixon Ticonderoga Erasable Colored Pencil Set, 12-Color",75.348
Newell 331,75.306
Xerox 22,75.168
KeyTronic KT800P2 - Keyboard - Black,75.1
Tops Wirebound Message Log Books,73.696
"Sanford Colorific Colored Pencils, 12/Box",73.152
XtraLife ClearVue Slant-D Ring Binders by Cardinal,72.912
"Adams ""While You Were Out"" Message Pads",72.848
"Universal Recycled Hanging Pressboard Report Binders, Letter Size",72.806
Southworth Structures Collection,72.8
Stacking Trays by OIC,72.708
"Wirebound Message Books, 5-1/2 x 4 Forms, 2 or 4 Forms per Page",72.252
Ibico Presentation Index for Binding Systems,72.038
"Vtech AT&T CL2940 Corded Speakerphone, Black",71.976
GBC Instant Index System for Binding Systems,71.928
#6 3/4 Gummed Flap White Envelopes,71.28
Smead Alpha-Z Color-Coded Name Labels First Letter Starter Set,71.25
Xerox 1981,70.752
"TOPS ""Important Message"" Pads, Canary, 4-1/4 x 5-1/2, 50 Sheets per Pad",70.192
Xerox 1975,69.984
Recycled Pressboard Report Cover with Reinforced Top Hinge,69.768
Stockwell Push Pins,69.76
Xerox 1899,69.36
Woodgrain Magazine Files by Perma,69.136
GBC Plasticlear Binding Covers,68.88
Avery 52,68.634
Newell 336,68.48
"Recycled Interoffice Envelopes with Re-Use-A-Seal Closure, 10 x 13",68.28
Avoid Verbal Orders Carbonless Minifold Book,68.276
Avery Non-Stick Heavy Duty View Round Locking Ring Binders,68.172
Poly String Tie Envelopes,68.136
Barrel Sharpener,67.83
Xerox 1897,67.728
"Acco PRESSTEX Data Binder with Storage Hooks, Light Blue, 9 1/2"" X 11""",67.25
Acco Hot Clips Clips to Go,67.116
Newell 332,67.032
Avery 49,66.816
Wilson Jones data.warehouse D-Ring Binders with DublLock,66.663
Insertable Tab Post Binder Dividers,66.566
"Executive Impressions 8-1/2"" Career Panel/Partition Cubicle Clock",66.56
Avery 501,66.42
GBC ProClick Spines for 32-Hole Punch,66.409
Avery 506,66.08
"Acco Clips to Go Binder Clips, 24 Clips in Two Sizes",66.03
Newell 321,65.6
Newell 348,65.6
Pastel Pink Envelopes,65.52
Avery Fluorescent Highlighter Four-Color Set,65.464
Cush Cases Heavy Duty Rugged Cover Case for Samsung Galaxy S5 - Purple,65.34
Stackable Trays,65.296
Newell 343,65.268
ACCOHIDE Binder by Acco,65.254
Xerox 1927,65.056
Belkin Grip Candy Sheer Case / Cover for iPhone 5 and 5S,64.972
"Black Print Carbonless 8 1/2"" x 8 1/4"" Rapid Memo Book",64.064
Advantus T-Pin Paper Clips,64.042
Ultra Commercial Grade Dual Valve Door Closer,63.824
"Acco Pressboard Covers with Storage Hooks, 14 7/8"" x 11"", Executive Red",63.627
Shocksock Galaxy S4 Armband,63.51
"Acco PRESSTEX Data Binder with Storage Hooks, Dark Blue, 9 1/2"" X 11""",62.946
Peel & Seel Envelopes,62.856
G.E. Halogen Desk Lamp Bulbs,62.82
Avery 515,62.65
"Post-it “Important Message” Note Pad, Neon Colors, 50 Sheets/Pad",62.608
Newell 350,62.32
Park Ridge Embossed Executive Business Envelopes,62.28
Wilson Jones Four-Pocket Poly Binders,62.13
Hoover Portapower Portable Vacuum,61.824
Newell 318,61.716
Anker 24W Portable Micro USB Car Charger,61.544
Newell 311,61.438
Xerox 206,60.912
Xerox 1924,60.112
Spiral Phone Message Books with Labels by Adams,60.032
NETGEAR RangeMax WNR1000 Wireless Router,59.976
"Acco Pressboard Covers with Storage Hooks, 14 7/8"" x 11"", Dark Blue",59.817
Newell 330,59.8
"Crayola Anti Dust Chalk, 12/Pack",59.696
"Master Caster Door Stop, Large Brown",59.696
"Boston 1827 Commercial Additional Cutter, Drive Gear & Gear Rack for 1606",59.49
"Executive Impressions 16-1/2"" Circular Wall Clock",58.784
Ideal Clamps,58.692
Convenience Packs of Business Envelopes,58.644
Avery 500,58.48
Rubber Band Ball,58.344
Xerox 223,58.32
Xerox 1974,57.408
Binder Posts,57.4
Xerox 199,57.352
Avery 511,56.672
Avery 494,56.376
Xerox 1965,56.212
"SKILCRAFT Telephone Shoulder Rest, 2"" x 6.5"" x 2.5"", Black",56.164
"Executive Impressions 13-1/2"" Indoor/Outdoor Wall Clock",56.1
"Hoover Replacement Belts For Soft Guard & Commercial Ltweight Upright Vacs, 2/Pk",56.09
Avery 493,55.974
Xerox 1921,55.944
GBC Standard Plastic Binding Systems Combs,55.755
Advantus Push Pins,54.936
Array Memo Cubes,54.908
"Important Message Pads, 50 4-1/4 x 5-1/2 Forms per Pad",54.6
Imation Swivel Flash Drive USB flash drive - 8 GB,54.576
"Mead 1st Gear 2"" Zipper Binder, Asst. Colors",54.474
Xerox 208,54.432
Ampad #10 Peel & Seel Holiday Envelopes,53.76
Staple-on labels,53.754
Avery 492,53.568
"Eldon Imàge Series Desk Accessories, Clear",53.46
GBC VeloBinder Strips,52.992
EcoTones Memo Sheets,52.8
Anderson Hickey Conga Table Tops & Accessories,51.782
Colorific Watercolor Pencils,51.6
Wilson Jones Easy Flow II Sheet Lifters,51.48
Avery Durable Slant Ring Binders,51.48
"Message Book, Standard Line ""While You Were Out"", 5 1/2"" X 4"", 200 Sets/Book",51.36
Newell 3-Hole Punched Plastic Slotted Magazine Holders for Binders,51.184
"Telephone Message Books with Fax/Mobile Section, 4 1/4"" x 6""",51.12
Avery 488,51.03
Colored Envelopes,50.922
"Eldon Spacemaker Box, Quick-Snap Lid, Clear",50.768
"Commercial WindTunnel Clean Air Upright Vacuum, Replacement Belts, Filtration Bags",50.57
Avery 496,50.25
Wausau Papers Astrobrights Colored Envelopes,50.232
"While You Were Out Pads, 50 per Pad, 4 x 5 1/4, Green Cycle",50.138
"1/4 Fold Party Design Invitations & White Envelopes, 24 8-1/2"" X 11"" Cards, 25 Env./Pack",49.98
Xerox 1896,49.95
Xerox 1950,49.708
"TOPS Voice Message Log Book, Flash Format",49.504
Xerox 218,49.248
Blackstonian Pencils,49.128
American Pencil,48.93
Eldon Image Series Black Desk Accessories,48.852
Smead Alpha-Z Color-Coded Second Alphabetical Labels and Starter Set,48.048
Revere Boxed Rubber Bands by Revere,48.006
Newell 33,47.988
Avery 514,47.808
"Master Caster Door Stop, Gray",47.752
"Holmes Visible Mist Ultrasonic Humidifier with 2.3-Gallon Output per Day, Replacement Filter",47.544
Newell 32,47.232
"Sanford Colorific Scented Colored Pencils, 12/Pack",47.08
Xerox 1953,47.08
Newell 316,46.944
Xerox 1998,46.656
Avery 520,46.62
"Stacking Tray, Side-Loading, Legal, Smoke",46.592
Xerox 1972,46.464
Advantus SlideClip Paper Clips,46.376
Decoflex Hanging Personal Folder File,46.26
"Sanford Colorific Eraseable Coloring Pencils, 12 Count",45.92
Newell 344,45.592
"Black Avery Memo-Size 3-Ring Binder, 5 1/2"" x 8 1/2""",45.508
Avery 491,45.43
"GE General Purpose, Extra Long Life, Showcase & Floodlight Incandescent Bulbs",45.396
Xerox 215,45.36
"Binney & Smith inkTank Desk Highlighter, Chisel Tip, Yellow, 12/Box",45.15
"Acme Design Line 8"" Stainless Steel Bent Scissors w/Champagne Handles, 3-1/8"" Cut",45.144
Document Clip Frames,45.036
DIXON Oriole Pencils,44.892
Permanent Self-Adhesive File Folder Labels for Typewriters by Universal,44.37
Avery 517,44.28
Acme Kleen Earth Office Shears,44.232
Kingston Digital DataTraveler 8GB USB 2.0,44.03
Accohide Poly Flexible Ring Binders,43.758
Boston 16750 Black Compact Battery Pencil Sharpener,43.75
Disposable Triple-Filter Dust Bags,43.7
Acme Rosewood Handle Letter Opener,43.67
Nontoxic Chalk,42.944
Newell 349,42.64
Imation USB 2.0 Swivel Flash Drive USB flash drive - 4 GB - Pink,42.42
3-ring staple pack,42.112
Acco Hanging Data Binders,41.91
Texas Instrument TI-15 Fraction Calculator,41.905
Acco Side-Punched Conventional Columnar Pads,41.64
Wilson Jones Custom Binder Spines & Labels,41.344
"#10 Gummed Flap White Envelopes, 100/Box",41.3
"Adams Write n' Stick Phone Message Book, 11"" X 5 1/4"", 200 Messages",40.896
"Acco Banker's Clasps, 5 3/4""-Long",40.896
Cardinal Poly Pocket Divider Pockets for Ring Binders,40.32
Xerox 207,40.176
Newell 327,39.78
"Eldon Regeneration Recycled Desk Accessories, Black",39.688
Angle-D Ring Binders,39.384
Prang Dustless Chalk Sticks,38.976
Acco Expandable Hanging Binders,38.918
Newell 310,38.72
Acco Suede Grain Vinyl Round Ring Binder,38.642
Cardinal Hold-It CD Pocket,38.304
Acco 6 Outlet Guardian Basic Surge Suppressor,38.272
"Ampad Poly Cover Wirebound Steno Book, 6"" x 9"" Assorted Colors, Gregg Ruled",38.136
Peel & Stick Add-On Corner Pockets,38.016
Southworth 25% Cotton Granite Paper & Envelopes,37.932
Col-Erase Pencils with Erasers,37.696
Dixon Ticonderoga Pencils,37.548
Turquoise Lead Holder with Pocket Clip,37.52
Eldon Pizzaz Desk Accessories,37.464
Durable Pressboard Binders,37.24
Faber Castell Col-Erase Pencils,37.164
Xerox 1990,36.96
Avery Round Ring Poly Binders,36.92
Eldon Jumbo ProFile Portable File Boxes Graphite/Black,36.744
Letter or Legal Size Expandable Poly String Tie Envelopes,36.708
Newell 326,36.608
Eldon 100 Class Desk Accessories,36.396
Xerox 1976,36.288
Contemporary Borderless Frame,36.162
Binder Clips by OIC,36.112
"Wirebound Message Forms, Four 2 3/4 x 5 Forms per Page, Pink Paper",35.948
Regeneration Desk Collection,35.904
Wilson Jones DublLock D-Ring Binders,35.775
Plastic Stacking Crates & Casters,35.712
Acme Kleencut Forged Steel Scissors,35.588
Avery 498,35.258
Xerox 1926,34.86
Economy #2 Pencils,34.58
Newell 335,34.56
Assorted Color Push Pins,34.39
Xerox 1980,34.24
"Eldon Regeneration Recycled Desk Accessories, Smoke",33.756
"Super Bands, 12/Pack",33.48
"Pressboard Data Binder, Crimson, 12"" X 8 1/2""",33.108
Hammermill CopyPlus Copy Paper (20Lb. and 84 Bright),32.868
Wilson Jones Hanging Recycled Pressboard Data Binders,32.648
Xerox 1958,32.4
Avery 509,32.364
Avery Hidden Tab Dividers for Binding Systems,31.588
Newell 346,31.104
"OIC #2 Pencils, Medium Soft",30.832
"Sanford Uni-Blazer View Highlighters, Chisel Tip, Yellow",30.8
Newell 322,30.576
Hammermill Color Copier Paper (28Lb. and 96 Bright),29.97
Round Ring Binders,29.952
Economy Binders,29.952
Plantronics Single Ear Headset,29.925
Xerox 1983,29.9
Xerox 190,29.88
Jiffy Padded Mailers with Self-Seal Closure,29.808
"Eldon 300 Class Desk Accessories, Black",29.7
"Alliance Big Bands Rubber Bands, 12/Pack",29.7
"Sanford EarthWrite Recycled Pencils, Medium Soft, #2",29.4
Pencil and Crayon Sharpener,29.346
Rediform Voice Mail Log Books,29.204
UniKeep View Case Binders,28.851
Avery Reinforcements for Hole-Punch Pages,28.512
Newell 313,28.208
"Ampad Evidence Wirebond Steno Books, 6"" x 9""",27.468
Sony 8GB Class 10 Micro SDHC R40 Memory Card,27.192
SanDisk Cruzer 8 GB USB Flash Drive,27.168
Newell 339,26.688
Self-Adhesive Address Labels for Typewriters with Dispenser Box,26.568
"Avery Hi-Liter GlideStik Fluorescent Highlighter, Yellow Ink",26.08
Avery Binder Labels,26.063
"Binney & Smith inkTank Erasable Pocket Highlighter, Chisel Tip, Yellow",25.992
SanDisk Cruzer 4 GB USB Flash Drive,25.96
Xerox 1985,25.92
Newell 340,25.92
"Avery Triangle Shaped Sheet Lifters, Black, 2/Pack",25.83
Bagged Rubber Bands,25.704
"""While you Were Out"" Message Book, One Form per Page",25.228
Colored Push Pins,24.978
Translucent Push Pins by OIC,24.552
Newell 329,24.272
BIC Brite Liner Grip Highlighters,24.272
Avery 507,24.192
Avery 497,24.024
Serrated Blade or Curved Handle Hand Letter Openers,23.864
Newell 338,23.52
"Dixon Ticonderoga Maple Cedar Pencil, #2",23.332
Self-Adhesive Ring Binder Labels,22.88
Sanford Pocket Accent Highlighters,22.4
Avery 510,21.75
Newell 323,21.168
"Avery 05222 Permanent Self-Adhesive File Folder Labels for Typewriters, on Rolls, White, 250/Roll",20.65
Avery Hi-Liter Fluorescent Desk Style Markers,20.28
Rediform S.O.S. Phone Message Books,19.92
Sterling Rubber Bands by Alliance,19.782
Nu-Dell EZ-Mount Plastic Wall Frames,19.7
Acco Glide Clips,19.6
Newell 307,19.292
Maxell 4.7GB DVD-R 5/Pack,19.008
Unpadded Memo Slips,18.308
Loose Memo Sheets,18.25
12 Colored Short Pencils,18.2
Hoover Commercial Lightweight Upright Vacuum,18.096
"Stride Job 150 Highlighters, Chisel Tip, Assorted Colors",17.94
"Binney & Smith inkTank Erasable Desk Highlighter, Chisel Tip, Yellow, 12/Box",17.64
Avery 502,17.64
Insertable Tab Indexes For Data Binders,17.49
Xerox 1901,16.896
Avery 479,16.704
Wilson Jones Suede Grain Vinyl Binders,16.402
"Binney & Smith Crayola Metallic Crayons, 16-Color Pack",16.176
Maxell CD-R Discs,15.76
"OIC Binder Clips, Mini, 1/4"" Capacity, Black",15.624
"Universal Ultra Bright White Copier/Laser Paper, 8 1/2"" x 11"", Ream",15.552
"Quartet Alpha White Chalk, 12/Pack",15.47
Wirebound Voice Message Log Book,15.232
Boston 1900 Electric Pencil Sharpener,14.98
Color-Coded Legal Exhibit Labels,14.73
SANFORD Liquid Accent Tank-Style Highlighters,14.2
Acme Serrated Blade Letter Opener,13.992
Sannysis Cute Owl Design Soft Skin Case Cover for Samsung Galaxy S4,13.86
Design Ebony Sketching Pencil,13.622
Memorex Mini Travel Drive 4 GB USB 2.0 Flash Drive,13.616
Alliance Rubber Bands,13.44
"Brites Rubber Bands, 1 1/2 oz. Box",13.068
"Sanitaire Vibra Groomer IR Commercial Upright Vacuum, Replacement Belts",13
OIC Thumb-Tacks,12.996
Xerox 1984,12.96
Xerox 1922,11.952
Maxell 4.7GB DVD+R 5/Pack,11.682
Xerox 1969,11.56
Avery 482,11.56
Acco Economy Flexible Poly Round Ring Binder,11.484
Computer Printout Index Tabs,11.088
Storex Flexible Poly Binders with Double Pockets,10.824
Newell 337,10.496
Letter Slitter,10.08
Newell 342,9.84
Hoover Replacement Belt for Commercial Guardsman Heavy-Duty Upright Vacuum,9.768
PNY Rapid USB Car Charger - Black,9.588
Kleencut Forged Office Shears by Acme United Corporation,9.568
Avery 484,9.216
Newell 308,8.4
Stockwell Gold Paper Clips,8.096
4009 Highlighters,8.04
Xerox 1989,7.968
"Avery Hi-Liter Comfort Grip Fluorescent Highlighter, Yellow Ink",7.8
Avery Hi-Liter Pen Style Six-Color Fluorescent Set,7.7
Grip Seal Envelopes,7.072
Xerox 20,6.48
Avery 5,5.76
Eureka Disposable Bags for Sanitaire Vibra Groomer I Upright Vac,1.624
Grand Total,2297200.86
